TIME,LATITUDE,LONGITUDE,TEMP,TEMP_quality_control,platform_code,vessel_name,year,month
2010-12-18 18:00:00+00:00,-33.8,151.5,20.2,Z,9HA2479,Pacific Sun,2010,12
2010-12-18 19:00:00+00:00,-33.8,151.3,19.5,Z,9HA2479,Pacific Sun,2010,12
2010-12-19 06:00:00+00:00,-33.8,151.3,19.7,Z,9HA2479,Pacific Sun,2010,12
2010-12-19 07:00:00+00:00,-33.7,151.6,20.7,Z,9HA2479,Pacific Sun,2010,12
2010-12-28 18:00:00+00:00,-33.8,151.5,20.1,Z,9HA2479,Pacific Sun,2010,12
2010-12-28 19:00:00+00:00,-33.8,151.3,20.0,Z,9HA2479,Pacific Sun,2010,12
2010-12-29 07:00:00+00:00,-33.7,151.6,20.6,Z,9HA2479,Pacific Sun,2010,12
2011-01-09 18:00:00+00:00,-33.8,151.5,23.0,Z,9HA2479,Pacific Sun,2011,1
2011-01-09 19:00:00+00:00,-33.8,151.3,22.7,Z,9HA2479,Pacific Sun,2011,1
2011-01-10 07:00:00+00:00,-33.7,151.5,22.9,Z,9HA2479,Pacific Sun,2011,1
2011-01-17 18:00:00+00:00,-33.8,151.5,25.5,Z,9HA2479,Pacific Sun,2011,1
2011-01-17 19:00:00+00:00,-33.8,151.3,23.1,Z,9HA2479,Pacific Sun,2011,1
2011-01-18 06:00:00+00:00,-33.8,151.3,23.9,Z,9HA2479,Pacific Sun,2011,1
2011-01-18 07:00:00+00:00,-33.7,151.5,25.3,Z,9HA2479,Pacific Sun,2011,1
2011-01-27 18:00:00+00:00,-33.8,151.5,24.3,Z,9HA2479,Pacific Sun,2011,1
2011-01-28 07:00:00+00:00,-33.8,151.3,23.6,Z,9HA2479,Pacific Sun,2011,1
2011-02-03 20:00:00+00:00,-33.7,151.6,24.1,Z,9HA2479,Pacific Sun,2011,2
2011-02-03 21:00:00+00:00,-33.8,151.4,23.4,Z,9HA2479,Pacific Sun,2011,2
2011-02-04 08:00:00+00:00,-33.8,151.2,25.2,Z,9HA2479,Pacific Sun,2011,2
2011-02-04 09:00:00+00:00,-33.8,151.3,24.2,Z,9HA2479,Pacific Sun,2011,2
2011-03-06 16:00:00+00:00,-33.7,151.8,23.0,Z,9HA2479,Pacific Sun,2011,3
2011-03-06 17:00:00+00:00,-33.8,151.7,22.8,Z,9HA2479,Pacific Sun,2011,3
2011-03-07 09:00:00+00:00,-33.8,151.5,22.8,Z,9HA2479,Pacific Sun,2011,3
2011-03-07 10:00:00+00:00,-33.8,151.3,22.5,Z,9HA2479,Pacific Sun,2011,3
2011-03-08 06:00:00+00:00,-33.8,151.2,23.4,Z,9HA2479,Pacific Sun,2011,3
2011-03-08 07:00:00+00:00,-33.8,151.4,22.7,Z,9HA2479,Pacific Sun,2011,3
2011-03-08 08:00:00+00:00,-33.7,151.5,22.9,Z,9HA2479,Pacific Sun,2011,3
2011-03-14 21:00:00+00:00,-33.8,151.4,22.8,Z,9HA2479,Pacific Sun,2011,3
2011-03-14 22:00:00+00:00,-33.8,151.3,22.6,Z,9HA2479,Pacific Sun,2011,3
2011-03-15 08:00:00+00:00,-33.8,151.3,22.8,Z,9HA2479,Pacific Sun,2011,3
2011-03-15 09:00:00+00:00,-33.7,151.5,23.1,Z,9HA2479,Pacific Sun,2011,3
2011-03-24 18:00:00+00:00,-33.8,151.4,22.4,Z,9HA2479,Pacific Sun,2011,3
2011-03-24 19:00:00+00:00,-33.8,151.3,22.4,Z,9HA2479,Pacific Sun,2011,3
2011-03-25 06:00:00+00:00,-33.8,151.3,22.7,Z,9HA2479,Pacific Sun,2011,3
2011-03-25 07:00:00+00:00,-33.7,151.5,22.5,Z,9HA2479,Pacific Sun,2011,3
2011-06-20 19:00:00+00:00,-33.8,151.4,19.9,Z,9HA2479,Pacific Sun,2011,6
2011-06-20 20:00:00+00:00,-33.8,151.3,16.6,Z,9HA2479,Pacific Sun,2011,6
2011-06-21 13:00:00+00:00,-33.8,151.3,17.2,Z,9HA2479,Pacific Sun,2011,6
2011-06-21 14:00:00+00:00,-33.7,151.6,20.1,Z,9HA2479,Pacific Sun,2011,6
2011-06-30 18:00:00+00:00,-33.8,151.5,20.7,Z,9HA2479,Pacific Sun,2011,6
2011-06-30 19:00:00+00:00,-33.8,151.3,18.0,Z,9HA2479,Pacific Sun,2011,6
2011-07-01 07:00:00+00:00,-33.8,151.3,17.3,Z,9HA2479,Pacific Sun,2011,7
2011-07-01 08:00:00+00:00,-33.8,151.5,20.5,Z,9HA2479,Pacific Sun,2011,7
2011-07-08 20:00:00+00:00,-33.8,151.4,19.7,Z,9HA2479,Pacific Sun,2011,7
2011-07-08 21:00:00+00:00,-33.8,151.2,15.9,Z,9HA2479,Pacific Sun,2011,7
2011-07-09 07:00:00+00:00,-33.8,151.3,17.3,Z,9HA2479,Pacific Sun,2011,7
2011-07-09 08:00:00+00:00,-33.7,151.5,20.0,Z,9HA2479,Pacific Sun,2011,7
2011-07-16 19:00:00+00:00,-33.8,151.5,18.1,Z,9HA2479,Pacific Sun,2011,7
2011-07-16 20:00:00+00:00,-33.8,151.3,17.4,Z,9HA2479,Pacific Sun,2011,7
2011-07-17 07:00:00+00:00,-33.8,151.3,17.2,Z,9HA2479,Pacific Sun,2011,7
2011-07-24 18:00:00+00:00,-33.7,151.7,19.2,Z,9HA2479,Pacific Sun,2011,7
2011-07-24 19:00:00+00:00,-33.8,151.4,19.0,Z,9HA2479,Pacific Sun,2011,7
2011-07-25 09:00:00+00:00,-33.7,151.5,19.1,Z,9HA2479,Pacific Sun,2011,7
2011-11-17 15:00:00+00:00,-33.8,151.5,19.8,Z,9HA2479,Pacific Sun,2011,11
2011-11-17 16:00:00+00:00,-33.8,151.3,19.7,Z,9HA2479,Pacific Sun,2011,11
2011-11-18 13:00:00+00:00,-33.8,151.3,20.0,Z,9HA2479,Pacific Sun,2011,11
2011-11-20 08:00:00+00:00,-33.7,151.8,20.9,Z,9HA2479,Pacific Sun,2011,11
2011-11-20 17:00:00+00:00,-33.7,151.7,20.2,Z,9HA2479,Pacific Sun,2011,11
2011-11-20 18:00:00+00:00,-33.8,151.5,19.8,Z,9HA2479,Pacific Sun,2011,11
2011-11-20 19:00:00+00:00,-33.8,151.3,19.5,Z,9HA2479,Pacific Sun,2011,11
2011-11-30 18:00:00+00:00,-33.8,151.4,19.1,Z,9HA2479,Pacific Sun,2011,11
2011-11-30 19:00:00+00:00,-33.8,151.3,19.5,Z,9HA2479,Pacific Sun,2011,11
2011-12-01 07:00:00+00:00,-33.8,151.3,18.9,Z,9HA2479,Pacific Sun,2011,12
2011-12-01 08:00:00+00:00,-33.8,151.5,18.9,Z,9HA2479,Pacific Sun,2011,12
2011-12-01 09:00:00+00:00,-33.8,151.6,19.1,Z,9HA2479,Pacific Sun,2011,12
2011-12-01 10:00:00+00:00,-33.7,151.7,19.2,Z,9HA2479,Pacific Sun,2011,12
2011-12-01 13:00:00+00:00,-33.7,151.7,19.4,Z,9HA2479,Pacific Sun,2011,12
2011-12-01 14:00:00+00:00,-33.8,151.6,18.6,Z,9HA2479,Pacific Sun,2011,12
2011-12-03 16:00:00+00:00,-33.7,151.8,19.8,Z,9HA2479,Pacific Sun,2011,12
2011-12-03 17:00:00+00:00,-33.8,151.6,19.3,Z,9HA2479,Pacific Sun,2011,12
2011-12-03 18:00:00+00:00,-33.8,151.4,18.5,Z,9HA2479,Pacific Sun,2011,12
2011-12-03 19:00:00+00:00,-33.8,151.2,20.4,Z,9HA2479,Pacific Sun,2011,12
2011-12-04 06:00:00+00:00,-33.8,151.3,18.5,Z,9HA2479,Pacific Sun,2011,12
2011-12-10 18:00:00+00:00,-33.8,151.5,19.8,Z,9HA2479,Pacific Sun,2011,12
2011-12-10 19:00:00+00:00,-33.8,151.3,19.5,Z,9HA2479,Pacific Sun,2011,12
2011-12-11 06:00:00+00:00,-33.8,151.3,19.8,Z,9HA2479,Pacific Sun,2011,12
2011-12-11 07:00:00+00:00,-33.7,151.6,20.5,Z,9HA2479,Pacific Sun,2011,12
2011-12-18 18:00:00+00:00,-33.8,151.5,20.6,Z,9HA2479,Pacific Sun,2011,12
2011-12-19 06:00:00+00:00,-33.8,151.2,20.4,Z,9HA2479,Pacific Sun,2011,12
2011-12-28 18:00:00+00:00,-33.8,151.5,22.7,Z,9HA2479,Pacific Sun,2011,12
2011-12-28 19:00:00+00:00,-33.8,151.3,20.8,Z,9HA2479,Pacific Sun,2011,12
2011-12-29 07:00:00+00:00,-33.8,151.3,21.5,Z,9HA2479,Pacific Sun,2011,12
2011-12-29 08:00:00+00:00,-33.7,151.6,23.0,Z,9HA2479,Pacific Sun,2011,12
2012-01-09 18:00:00+00:00,-33.8,151.4,22.2,Z,9HA2479,Pacific Sun,2012,1
2012-01-09 19:00:00+00:00,-33.8,151.3,22.2,Z,9HA2479,Pacific Sun,2012,1
2012-01-10 06:00:00+00:00,-33.8,151.3,22.7,Z,9HA2479,Pacific Sun,2012,1
2012-01-10 07:00:00+00:00,-33.7,151.6,22.9,Z,9HA2479,Pacific Sun,2012,1
2012-01-17 18:00:00+00:00,-33.8,151.5,22.8,Z,9HA2479,Pacific Sun,2012,1
2012-01-17 19:00:00+00:00,-33.8,151.3,22.1,Z,9HA2479,Pacific Sun,2012,1
2012-01-18 06:00:00+00:00,-33.8,151.3,23.4,Z,9HA2479,Pacific Sun,2012,1
2012-01-18 07:00:00+00:00,-33.7,151.5,23.2,Z,9HA2479,Pacific Sun,2012,1
2012-01-24 18:00:00+00:00,-33.8,151.5,23.6,Z,9HA2479,Pacific Sun,2012,1
2012-01-24 19:00:00+00:00,-33.8,151.3,22.8,Z,9HA2479,Pacific Sun,2012,1
2012-01-25 06:00:00+00:00,-33.8,151.3,22.8,Z,9HA2479,Pacific Sun,2012,1
2012-01-25 07:00:00+00:00,-33.8,151.5,23.6,Z,9HA2479,Pacific Sun,2012,1
2012-01-25 17:00:00+00:00,-33.7,151.6,23.4,Z,9HA2479,Pacific Sun,2012,1
2012-01-25 18:00:00+00:00,-33.8,151.4,23.1,Z,9HA2479,Pacific Sun,2012,1
2012-01-25 19:00:00+00:00,-33.8,151.2,22.8,Z,9HA2479,Pacific Sun,2012,1
2012-01-25 20:00:00+00:00,-33.8,151.2,23.1,Z,9HA2479,Pacific Sun,2012,1
2012-01-25 21:00:00+00:00,-33.8,151.2,23.0,Z,9HA2479,Pacific Sun,2012,1
2012-01-25 22:00:00+00:00,-33.8,151.2,23.1,Z,9HA2479,Pacific Sun,2012,1
2012-01-25 23:00:00+00:00,-33.8,151.2,23.1,Z,9HA2479,Pacific Sun,2012,1
2012-01-26 00:00:00+00:00,-33.8,151.2,23.1,Z,9HA2479,Pacific Sun,2012,1
2012-01-26 01:00:00+00:00,-33.8,151.2,23.0,Z,9HA2479,Pacific Sun,2012,1
2012-01-26 02:00:00+00:00,-33.8,151.2,22.9,Z,9HA2479,Pacific Sun,2012,1
2012-01-26 03:00:00+00:00,-33.8,151.2,23.1,Z,9HA2479,Pacific Sun,2012,1
2012-01-26 04:00:00+00:00,-33.8,151.2,23.3,Z,9HA2479,Pacific Sun,2012,1
2012-01-26 05:00:00+00:00,-33.8,151.2,23.1,Z,9HA2479,Pacific Sun,2012,1
2012-01-26 06:00:00+00:00,-33.8,151.2,23.2,Z,9HA2479,Pacific Sun,2012,1
2012-01-26 13:00:00+00:00,-33.8,151.3,23.1,Z,9HA2479,Pacific Sun,2012,1
2012-01-26 14:00:00+00:00,-33.8,151.5,22.5,Z,9HA2479,Pacific Sun,2012,1
2012-01-27 17:00:00+00:00,-33.7,151.7,25.3,Z,9HA2479,Pacific Sun,2012,1
2012-01-27 18:00:00+00:00,-33.8,151.5,25.1,Z,9HA2479,Pacific Sun,2012,1
2012-01-27 19:00:00+00:00,-33.8,151.3,22.9,Z,9HA2479,Pacific Sun,2012,1
2012-01-28 06:00:00+00:00,-33.8,151.3,23.5,Z,9HA2479,Pacific Sun,2012,1
2012-01-28 07:00:00+00:00,-33.7,151.6,25.3,Z,9HA2479,Pacific Sun,2012,1
2012-02-06 18:00:00+00:00,-33.8,151.5,22.7,Z,9HA2479,Pacific Sun,2012,2
2012-02-06 19:00:00+00:00,-33.8,151.3,21.6,Z,9HA2479,Pacific Sun,2012,2
2012-02-07 10:00:00+00:00,-33.8,151.3,21.8,Z,9HA2479,Pacific Sun,2012,2
2012-03-04 09:00:00+00:00,-33.8,151.8,21.5,Z,9HA2479,Pacific Sun,2012,3
2012-03-07 18:00:00+00:00,-33.8,151.8,21.8,Z,9HA2479,Pacific Sun,2012,3
2009-12-01 09:00:00+00:00,-33.8,152.2,22.5,Z,C6FS9,Stadacona,2009,12
2009-12-06 06:00:00+00:00,-33.7,151.9,21.7,Z,C6FS9,Stadacona,2009,12
2009-12-19 11:00:00+00:00,-33.8,151.9,21.7,Z,C6FS9,Stadacona,2009,12
2009-12-25 12:00:00+00:00,-33.7,151.9,23.6,Z,C6FS9,Stadacona,2009,12
2010-01-09 03:00:00+00:00,-33.8,151.6,23.4,Z,C6FS9,Stadacona,2010,1
2010-01-19 10:00:00+00:00,-33.7,152.2,23.8,Z,C6FS9,Stadacona,2010,1
2010-02-01 19:00:00+00:00,-33.8,151.8,24.8,Z,C6FS9,Stadacona,2010,2
2010-02-01 20:00:00+00:00,-33.7,151.9,24.3,Z,C6FS9,Stadacona,2010,2
2010-02-23 21:00:00+00:00,-33.8,151.8,24.3,Z,C6FS9,Stadacona,2010,2
2010-02-28 21:00:00+00:00,-33.8,151.8,23.3,Z,C6FS9,Stadacona,2010,2
2010-03-10 00:00:00+00:00,-33.8,151.3,21.6,Z,C6FS9,Stadacona,2010,3
2010-03-12 14:00:00+00:00,-33.8,151.2,22.4,Z,C6FS9,Stadacona,2010,3
2010-04-17 22:00:00+00:00,-33.7,151.9,23.5,Z,C6FS9,Stadacona,2010,4
2010-05-08 07:00:00+00:00,-33.8,152.2,25.4,Z,C6FS9,Stadacona,2010,5
2010-05-29 23:00:00+00:00,-33.8,151.8,21.1,Z,C6FS9,Stadacona,2010,5
2010-06-09 19:00:00+00:00,-33.8,151.8,21.3,Z,C6FS9,Stadacona,2010,6
2010-06-20 03:00:00+00:00,-33.7,152.2,21.6,Z,C6FS9,Stadacona,2010,6
2010-07-30 01:00:00+00:00,-33.8,151.4,17.5,Z,C6FS9,Stadacona,2010,7
2010-07-30 02:00:00+00:00,-33.8,151.2,15.7,Z,C6FS9,Stadacona,2010,7
2010-08-01 03:00:00+00:00,-33.8,151.3,16.0,Z,C6FS9,Stadacona,2010,8
2010-08-12 01:00:00+00:00,-33.7,151.9,18.1,Z,C6FS9,Stadacona,2010,8
2010-09-06 05:00:00+00:00,-33.8,151.9,16.7,Z,C6FS9,Stadacona,2010,9
2010-09-12 16:00:00+00:00,-33.7,151.6,18.1,Z,C6FS9,Stadacona,2010,9
2010-09-14 12:00:00+00:00,-33.7,151.7,18.1,Z,C6FS9,Stadacona,2010,9
2010-10-23 20:00:00+00:00,-33.7,151.9,20.1,Z,C6FS9,Stadacona,2010,10
2010-10-29 12:00:00+00:00,-33.7,151.9,20.6,Z,C6FS9,Stadacona,2010,10
2010-11-19 15:00:00+00:00,-33.7,151.7,19.8,Z,C6FS9,Stadacona,2010,11
2011-01-19 12:00:00+00:00,-33.8,151.3,23.7,Z,C6FS9,Stadacona,2011,1
2011-01-21 07:00:00+00:00,-33.8,151.2,23.8,Z,C6FS9,Stadacona,2011,1
2011-01-29 13:00:00+00:00,-33.8,151.9,24.8,Z,C6FS9,Stadacona,2011,1
2011-02-08 22:00:00+00:00,-33.7,151.9,24.3,Z,C6FS9,Stadacona,2011,2
2011-02-08 23:00:00+00:00,-33.8,151.8,24.3,Z,C6FS9,Stadacona,2011,2
2011-05-24 07:00:00+00:00,-33.8,151.9,20.6,Z,C6FS9,Stadacona,2011,5
2011-06-04 00:00:00+00:00,-33.7,151.9,21.8,Z,C6FS9,Stadacona,2011,6
2011-06-15 21:00:00+00:00,-33.7,151.9,22.0,Z,C6FS9,Stadacona,2011,6
2011-06-28 19:00:00+00:00,-33.7,151.9,21.2,Z,C6FS9,Stadacona,2011,6
2011-06-28 20:00:00+00:00,-33.8,151.8,19.9,Z,C6FS9,Stadacona,2011,6
2011-09-05 03:00:00+00:00,-33.7,151.7,18.6,Z,C6FS9,Stadacona,2011,9
2011-09-05 04:00:00+00:00,-33.8,151.6,18.2,Z,C6FS9,Stadacona,2011,9
2011-09-26 07:00:00+00:00,-33.8,151.8,19.1,Z,C6FS9,Stadacona,2011,9
2011-09-26 08:00:00+00:00,-33.7,151.9,19.0,Z,C6FS9,Stadacona,2011,9
2011-10-10 03:00:00+00:00,-33.7,151.9,19.0,Z,C6FS9,Stadacona,2011,10
2011-10-19 02:00:00+00:00,-33.7,152.0,20.6,Z,C6FS9,Stadacona,2011,10
2011-10-31 12:00:00+00:00,-33.8,151.9,19.4,Z,C6FS9,Stadacona,2011,10
2011-11-17 23:00:00+00:00,-33.8,151.8,19.8,Z,C6FS9,Stadacona,2011,11
2011-12-23 10:00:00+00:00,-33.8,151.8,22.5,Z,C6FS9,Stadacona,2011,12
2012-01-01 16:00:00+00:00,-33.8,151.8,22.4,Z,C6FS9,Stadacona,2012,1
2012-01-01 17:00:00+00:00,-33.7,151.9,22.5,Z,C6FS9,Stadacona,2012,1
2012-01-07 02:00:00+00:00,-33.7,151.9,23.1,Z,C6FS9,Stadacona,2012,1
2012-02-21 08:00:00+00:00,-33.7,151.9,23.4,Z,C6FS9,Stadacona,2012,2
2012-03-21 13:00:00+00:00,-33.8,152.1,22.9,Z,C6FS9,Stadacona,2012,3
2012-04-01 19:00:00+00:00,-33.8,152.1,25.2,Z,C6FS9,Stadacona,2012,4
2012-06-27 21:00:00+00:00,-33.7,152.2,19.3,Z,C6FS9,Stadacona,2012,6
2012-08-21 08:00:00+00:00,-33.7,152.2,18.5,Z,C6FS9,Stadacona,2012,8
2012-10-31 05:00:00+00:00,-33.8,152.2,19.2,Z,C6FS9,Stadacona,2012,10
2012-11-06 23:00:00+00:00,-33.7,152.2,20.5,Z,C6FS9,Stadacona,2012,11
2013-07-28 01:00:00+00:00,-33.8,151.3,17.5,Z,C6FS9,Stadacona,2013,7
2013-07-30 20:00:00+00:00,-33.8,151.2,15.9,Z,C6FS9,Stadacona,2013,7
2013-09-12 20:00:00+00:00,-33.7,152.1,22.0,Z,C6FS9,Stadacona,2013,9
2013-09-30 08:00:00+00:00,-33.8,152.2,22.6,Z,C6FS9,Stadacona,2013,9
2013-11-26 07:00:00+00:00,-33.8,152.2,23.1,Z,C6FS9,Stadacona,2013,11
2013-12-03 08:00:00+00:00,-33.8,152.1,23.1,Z,C6FS9,Stadacona,2013,12
2013-12-03 09:00:00+00:00,-33.7,152.2,23.5,Z,C6FS9,Stadacona,2013,12
2014-03-15 11:00:00+00:00,-33.7,152.2,26.1,Z,C6FS9,Stadacona,2014,3
2014-03-26 01:00:00+00:00,-33.8,152.2,24.8,Z,C6FS9,Stadacona,2014,3
2014-04-25 14:00:00+00:00,-33.8,152.2,24.7,Z,C6FS9,Stadacona,2014,4
2014-06-01 07:00:00+00:00,-33.8,151.8,22.4,Z,C6FS9,Stadacona,2014,6
2014-07-31 23:00:00+00:00,-33.8,152.1,18.5,Z,C6FS9,Stadacona,2014,7
2014-09-21 14:00:00+00:00,-33.7,152.2,19.2,Z,C6FS9,Stadacona,2014,9
2014-10-05 13:00:00+00:00,-33.7,151.8,20.0,Z,C6FS9,Stadacona,2014,10
2014-10-09 16:00:00+00:00,-33.8,151.7,19.6,Z,C6FS9,Stadacona,2014,10
2014-07-20 21:00:00+00:00,-33.8,151.4,17.2,Z,VNSZ,Spirit of Tasmania 2,2014,7
2010-05-09 07:00:00+00:00,-33.8,151.6,22.9,Z,VNVR,Iron Yandi,2010,5
2010-07-23 18:00:00+00:00,-33.8,151.7,18.1,Z,VNVR,Iron Yandi,2010,7
2009-10-05 01:00:00+00:00,-33.8,151.5,20.3,Z,VROB,Highland Chief,2009,10
2009-10-28 21:00:00+00:00,-33.8,151.5,19.2,Z,VROB,Highland Chief,2009,10
2009-11-03 23:00:00+00:00,-33.8,151.8,20.8,Z,VROB,Highland Chief,2009,11
2009-11-29 06:00:00+00:00,-33.7,151.8,22.6,Z,VROB,Highland Chief,2009,11
2010-01-28 22:00:00+00:00,-33.8,151.8,24.7,Z,VROB,Highland Chief,2010,1
2010-02-05 05:00:00+00:00,-33.8,151.5,23.8,Z,VROB,Highland Chief,2010,2
2010-03-07 19:00:00+00:00,-33.7,151.9,23.9,Z,VROB,Highland Chief,2010,3
2010-03-15 01:00:00+00:00,-33.7,151.6,22.8,Z,VROB,Highland Chief,2010,3
2010-04-12 17:00:00+00:00,-33.7,151.7,22.5,Z,VROB,Highland Chief,2010,4
2010-04-20 16:00:00+00:00,-33.8,151.5,23.0,Z,VROB,Highland Chief,2010,4
2010-05-18 10:00:00+00:00,-33.8,151.8,23.4,Z,VROB,Highland Chief,2010,5
2010-05-28 02:00:00+00:00,-33.7,151.6,21.8,Z,VROB,Highland Chief,2010,5
2010-06-13 16:00:00+00:00,-33.7,152.0,19.8,Z,VROB,Highland Chief,2010,6
2010-07-16 05:00:00+00:00,-33.7,152.1,18.2,Z,VROB,Highland Chief,2010,7
2010-07-16 06:00:00+00:00,-33.8,151.9,18.7,Z,VROB,Highland Chief,2010,7
2010-07-22 19:00:00+00:00,-33.7,151.6,18.0,Z,VROB,Highland Chief,2010,7
2010-08-18 11:00:00+00:00,-33.8,151.9,18.5,Z,VROB,Highland Chief,2010,8
2010-08-25 08:00:00+00:00,-33.8,152.2,20.3,Z,VROB,Highland Chief,2010,8
2010-09-20 04:00:00+00:00,-33.7,152.0,18.2,Z,VROB,Highland Chief,2010,9
2010-09-20 05:00:00+00:00,-33.8,151.9,18.6,Z,VROB,Highland Chief,2010,9
2010-09-26 00:00:00+00:00,-33.8,151.6,18.4,Z,VROB,Highland Chief,2010,9
2010-09-29 00:00:00+00:00,-33.7,151.6,18.0,Z,VROB,Highland Chief,2010,9
2010-10-01 13:00:00+00:00,-33.8,151.6,17.7,Z,VROB,Highland Chief,2010,10
2010-10-26 05:00:00+00:00,-33.7,152.0,21.1,Z,VROB,Highland Chief,2010,10
2010-11-02 09:00:00+00:00,-33.7,151.8,19.9,Z,VROB,Highland Chief,2010,11
2010-11-30 04:00:00+00:00,-33.8,151.9,21.4,Z,VROB,Highland Chief,2010,11
2010-12-05 16:00:00+00:00,-33.7,151.6,20.2,Z,VROB,Highland Chief,2010,12
2011-01-24 21:00:00+00:00,-33.8,151.9,24.8,Z,VROB,Highland Chief,2011,1
2011-01-31 03:00:00+00:00,-33.8,151.6,23.1,Z,VROB,Highland Chief,2011,1
2011-02-26 12:00:00+00:00,-33.7,152.0,23.6,Z,VROB,Highland Chief,2011,2
2011-03-04 12:00:00+00:00,-33.7,151.7,23.6,Z,VROB,Highland Chief,2011,3
2011-04-01 06:00:00+00:00,-33.7,152.1,25.2,Z,VROB,Highland Chief,2011,4
2011-04-08 03:00:00+00:00,-33.7,151.6,23.2,Z,VROB,Highland Chief,2011,4
2011-04-30 23:00:00+00:00,-33.8,152.0,21.7,Z,VROB,Highland Chief,2011,4
2011-05-07 11:00:00+00:00,-33.8,151.6,21.4,Z,VROB,Highland Chief,2011,5
2011-05-30 20:00:00+00:00,-33.8,151.9,20.5,Z,VROB,Highland Chief,2011,5
2011-06-06 12:00:00+00:00,-33.7,151.7,20.1,Z,VROB,Highland Chief,2011,6
2011-07-03 04:00:00+00:00,-33.7,152.1,21.9,Z,VROB,Highland Chief,2011,7
2011-07-10 15:00:00+00:00,-33.8,151.6,21.0,Z,VROB,Highland Chief,2011,7
2011-08-07 17:00:00+00:00,-33.7,152.0,19.2,Z,VROB,Highland Chief,2011,8
2011-09-08 11:00:00+00:00,-33.8,152.0,18.6,Z,VROB,Highland Chief,2011,9
2011-09-15 13:00:00+00:00,-33.8,151.6,17.3,Z,VROB,Highland Chief,2011,9
2011-10-11 03:00:00+00:00,-33.7,152.0,18.5,Z,VROB,Highland Chief,2011,10
2011-10-16 18:00:00+00:00,-33.7,151.7,19.5,Z,VROB,Highland Chief,2011,10
2011-11-17 16:00:00+00:00,-33.7,152.1,19.7,Z,VROB,Highland Chief,2011,11
2011-12-19 11:00:00+00:00,-33.7,152.0,20.5,Z,VROB,Highland Chief,2011,12
2011-12-25 05:00:00+00:00,-33.8,151.8,23.6,Z,VROB,Highland Chief,2011,12
2012-01-22 08:00:00+00:00,-33.7,152.0,25.3,Z,VROB,Highland Chief,2012,1
2012-01-28 19:00:00+00:00,-33.8,151.6,24.9,Z,VROB,Highland Chief,2012,1
2012-01-28 20:00:00+00:00,-33.8,151.6,25.0,Z,VROB,Highland Chief,2012,1
2012-01-28 21:00:00+00:00,-33.8,151.6,24.9,Z,VROB,Highland Chief,2012,1
2012-01-28 23:00:00+00:00,-33.7,151.6,24.9,Z,VROB,Highland Chief,2012,1
2012-09-22 02:00:00+00:00,-33.8,151.6,18.7,Z,VROB,Highland Chief,2012,9
2012-10-19 14:00:00+00:00,-33.7,152.0,19.8,Z,VROB,Highland Chief,2012,10
2012-10-25 01:00:00+00:00,-33.7,151.6,18.8,Z,VROB,Highland Chief,2012,10
2012-11-28 19:00:00+00:00,-33.8,151.6,20.9,Z,VROB,Highland Chief,2012,11
2012-12-26 01:00:00+00:00,-33.8,151.6,20.7,Z,VROB,Highland Chief,2012,12
2012-12-31 02:00:00+00:00,-33.7,151.9,21.3,Z,VROB,Highland Chief,2012,12
2013-01-26 08:00:00+00:00,-33.7,152.2,26.9,Z,VROB,Highland Chief,2013,1
2013-02-03 15:00:00+00:00,-33.8,151.5,21.5,Z,VROB,Highland Chief,2013,2
2013-02-03 16:00:00+00:00,-33.7,151.6,21.0,Z,VROB,Highland Chief,2013,2
2013-03-03 02:00:00+00:00,-33.8,152.1,25.4,Z,VROB,Highland Chief,2013,3
2013-03-08 04:00:00+00:00,-33.8,151.5,24.7,Z,VROB,Highland Chief,2013,3
2013-04-12 03:00:00+00:00,-33.7,151.6,23.9,Z,VROB,Highland Chief,2013,4
2013-05-09 21:00:00+00:00,-33.8,152.1,23.8,Z,VROB,Highland Chief,2013,5
2013-05-16 06:00:00+00:00,-33.8,151.5,23.4,Z,VROB,Highland Chief,2013,5
2013-05-20 02:00:00+00:00,-33.7,151.6,23.1,Z,VROB,Highland Chief,2013,5
2013-05-21 08:00:00+00:00,-33.8,151.6,22.9,Z,VROB,Highland Chief,2013,5
2013-05-21 09:00:00+00:00,-33.7,151.7,22.8,Z,VROB,Highland Chief,2013,5
2010-01-01 15:29:00+00:00,-33.6011,151.9886,24.2509,Z,VRZN9,Pacific Celebes,2010,1
2010-01-01 15:31:00+00:00,-33.609,151.9832,24.2586,Z,VRZN9,Pacific Celebes,2010,1
2010-01-01 15:33:00+00:00,-33.6169,151.9777,24.2699,Z,VRZN9,Pacific Celebes,2010,1
2010-01-01 15:35:00+00:00,-33.6252,151.9722,24.2777,Z,VRZN9,Pacific Celebes,2010,1
2010-01-01 15:37:00+00:00,-33.6331,151.9668,24.2801,Z,VRZN9,Pacific Celebes,2010,1
2010-01-01 15:39:00+00:00,-33.641,151.9615,24.2809,Z,VRZN9,Pacific Celebes,2010,1
2010-01-01 15:41:00+00:00,-33.649,151.9562,24.2808,Z,VRZN9,Pacific Celebes,2010,1
2010-01-01 15:43:00+00:00,-33.6569,151.9509,24.279,Z,VRZN9,Pacific Celebes,2010,1
2010-01-01 15:45:00+00:00,-33.6649,151.9456,24.2768,Z,VRZN9,Pacific Celebes,2010,1
2010-01-01 15:47:00+00:00,-33.6727,151.94,24.2755,Z,VRZN9,Pacific Celebes,2010,1
2010-01-01 15:49:00+00:00,-33.681,151.9342,24.2795,Z,VRZN9,Pacific Celebes,2010,1
2010-01-01 15:51:00+00:00,-33.6889,151.9286,24.2816,Z,VRZN9,Pacific Celebes,2010,1
2010-01-01 15:53:00+00:00,-33.6969,151.923,24.2812,Z,VRZN9,Pacific Celebes,2010,1
2010-01-01 15:55:00+00:00,-33.7047,151.9173,24.2769,Z,VRZN9,Pacific Celebes,2010,1
2010-01-01 15:57:00+00:00,-33.7125,151.9117,24.274,Z,VRZN9,Pacific Celebes,2010,1
2010-01-01 15:59:00+00:00,-33.7203,151.906,24.269,Z,VRZN9,Pacific Celebes,2010,1
2010-01-01 16:01:00+00:00,-33.728,151.9001,24.2637,Z,VRZN9,Pacific Celebes,2010,1
2010-01-01 16:03:00+00:00,-33.7355,151.894,24.2599,Z,VRZN9,Pacific Celebes,2010,1
2010-01-01 16:05:00+00:00,-33.7435,151.8878,24.2589,Z,VRZN9,Pacific Celebes,2010,1
2010-01-01 16:07:00+00:00,-33.7511,151.8819,24.2603,Z,VRZN9,Pacific Celebes,2010,1
2010-01-01 16:09:00+00:00,-33.7587,151.8759,24.256,Z,VRZN9,Pacific Celebes,2010,1
2010-01-01 16:12:00+00:00,-33.7664,151.8701,24.2505,Z,VRZN9,Pacific Celebes,2010,1
2010-01-01 16:14:00+00:00,-33.7741,151.8643,24.2472,Z,VRZN9,Pacific Celebes,2010,1
2010-01-01 16:16:00+00:00,-33.7819,151.8585,24.2437,Z,VRZN9,Pacific Celebes,2010,1
2010-01-01 16:18:00+00:00,-33.7896,151.8528,24.2432,Z,VRZN9,Pacific Celebes,2010,1
2010-01-01 16:20:00+00:00,-33.7973,151.8469,24.2465,Z,VRZN9,Pacific Celebes,2010,1
2010-01-01 16:22:00+00:00,-33.8053,151.8409,24.2459,Z,VRZN9,Pacific Celebes,2010,1
2010-01-01 16:24:00+00:00,-33.813,151.8352,24.2561,Z,VRZN9,Pacific Celebes,2010,1
2010-01-01 16:26:00+00:00,-33.8207,151.8294,24.2663,Z,VRZN9,Pacific Celebes,2010,1
2010-01-01 16:28:00+00:00,-33.8284,151.8237,24.2681,Z,VRZN9,Pacific Celebes,2010,1
2010-01-01 16:30:00+00:00,-33.8361,151.818,24.268,Z,VRZN9,Pacific Celebes,2010,1
2010-01-01 16:32:00+00:00,-33.8439,151.8123,24.2682,Z,VRZN9,Pacific Celebes,2010,1
2010-01-01 16:34:00+00:00,-33.8517,151.8066,24.2692,Z,VRZN9,Pacific Celebes,2010,1
2010-01-01 16:36:00+00:00,-33.8595,151.801,24.267,Z,VRZN9,Pacific Celebes,2010,1
2010-01-01 16:38:00+00:00,-33.8676,151.7951,24.2687,Z,VRZN9,Pacific Celebes,2010,1
2010-01-01 16:40:00+00:00,-33.8754,151.7895,24.2654,Z,VRZN9,Pacific Celebes,2010,1
2010-01-01 16:42:00+00:00,-33.8832,151.784,24.2613,Z,VRZN9,Pacific Celebes,2010,1
2010-01-01 16:44:00+00:00,-33.8911,151.7786,24.2621,Z,VRZN9,Pacific Celebes,2010,1
2010-01-01 16:46:00+00:00,-33.899,151.7732,24.2706,Z,VRZN9,Pacific Celebes,2010,1
2010-04-25 00:00:00+00:00,-33.6695,151.9363,25.8305,Z,VRZN9,Pacific Celebes,2010,4
2010-04-25 00:02:00+00:00,-33.6776,151.9309,25.8468,Z,VRZN9,Pacific Celebes,2010,4
2010-04-25 00:04:00+00:00,-33.6856,151.9252,25.8635,Z,VRZN9,Pacific Celebes,2010,4
2010-04-25 00:06:00+00:00,-33.6935,151.9194,25.8658,Z,VRZN9,Pacific Celebes,2010,4
2010-04-25 00:08:00+00:00,-33.7015,151.9137,25.8622,Z,VRZN9,Pacific Celebes,2010,4
2010-04-25 00:10:00+00:00,-33.7097,151.9079,25.8393,Z,VRZN9,Pacific Celebes,2010,4
2010-04-25 00:12:00+00:00,-33.7176,151.9023,25.8141,Z,VRZN9,Pacific Celebes,2010,4
2010-04-25 00:14:00+00:00,-33.7255,151.8967,25.792,Z,VRZN9,Pacific Celebes,2010,4
2010-04-25 00:16:00+00:00,-33.7334,151.8913,25.7664,Z,VRZN9,Pacific Celebes,2010,4
2010-04-25 00:18:00+00:00,-33.7413,151.8856,25.7335,Z,VRZN9,Pacific Celebes,2010,4
2010-04-25 00:20:00+00:00,-33.7492,151.8801,25.682,Z,VRZN9,Pacific Celebes,2010,4
2010-04-25 00:22:00+00:00,-33.757,151.8745,25.6264,Z,VRZN9,Pacific Celebes,2010,4
2010-04-25 00:24:00+00:00,-33.7648,151.869,25.6064,Z,VRZN9,Pacific Celebes,2010,4
2010-04-25 00:26:00+00:00,-33.7729,151.8633,25.6202,Z,VRZN9,Pacific Celebes,2010,4
2010-04-25 00:28:00+00:00,-33.7807,151.8578,25.6469,Z,VRZN9,Pacific Celebes,2010,4
2010-04-25 00:30:00+00:00,-33.7885,151.8524,25.6285,Z,VRZN9,Pacific Celebes,2010,4
2010-04-25 00:32:00+00:00,-33.7963,151.8469,25.5893,Z,VRZN9,Pacific Celebes,2010,4
2010-04-25 00:34:00+00:00,-33.8041,151.8415,25.5549,Z,VRZN9,Pacific Celebes,2010,4
2010-04-25 00:36:00+00:00,-33.8119,151.8361,25.5791,Z,VRZN9,Pacific Celebes,2010,4
2010-04-25 00:38:00+00:00,-33.8197,151.8305,25.6485,Z,VRZN9,Pacific Celebes,2010,4
2010-04-25 00:40:00+00:00,-33.8278,151.8247,25.7226,Z,VRZN9,Pacific Celebes,2010,4
2010-04-25 00:42:00+00:00,-33.8356,151.8192,25.7735,Z,VRZN9,Pacific Celebes,2010,4
2010-04-25 00:44:00+00:00,-33.8434,151.8136,25.7929,Z,VRZN9,Pacific Celebes,2010,4
2010-04-25 00:46:00+00:00,-33.8512,151.8079,25.8163,Z,VRZN9,Pacific Celebes,2010,4
2010-04-25 00:48:00+00:00,-33.8591,151.8024,25.8483,Z,VRZN9,Pacific Celebes,2010,4
2010-04-25 00:50:00+00:00,-33.867,151.7968,25.8782,Z,VRZN9,Pacific Celebes,2010,4
2010-04-25 00:52:00+00:00,-33.8749,151.791,25.9028,Z,VRZN9,Pacific Celebes,2010,4
2010-04-25 00:54:00+00:00,-33.8828,151.7854,25.9212,Z,VRZN9,Pacific Celebes,2010,4
2010-04-25 00:56:00+00:00,-33.891,151.7794,25.9358,Z,VRZN9,Pacific Celebes,2010,4
2010-04-25 00:58:00+00:00,-33.899,151.7737,25.9437,Z,VRZN9,Pacific Celebes,2010,4
2010-07-28 17:13:00+00:00,-33.8986,151.9682,18.5599,Z,VRZN9,Pacific Celebes,2010,7
2010-07-28 17:15:00+00:00,-33.8913,151.9714,18.5618,Z,VRZN9,Pacific Celebes,2010,7
2010-07-28 17:17:00+00:00,-33.8839,151.9747,18.5494,Z,VRZN9,Pacific Celebes,2010,7
2010-07-28 17:19:00+00:00,-33.8766,151.978,18.54,Z,VRZN9,Pacific Celebes,2010,7
2010-07-28 17:21:00+00:00,-33.8692,151.9813,18.539,Z,VRZN9,Pacific Celebes,2010,7
2010-07-28 17:23:00+00:00,-33.8615,151.9848,18.5376,Z,VRZN9,Pacific Celebes,2010,7
2010-07-28 17:25:00+00:00,-33.854,151.9881,18.5278,Z,VRZN9,Pacific Celebes,2010,7
2010-07-28 17:27:00+00:00,-33.8465,151.9914,18.5115,Z,VRZN9,Pacific Celebes,2010,7
2010-07-28 17:29:00+00:00,-33.8389,151.9947,18.4971,Z,VRZN9,Pacific Celebes,2010,7
2010-07-28 17:31:00+00:00,-33.8314,151.9979,18.4795,Z,VRZN9,Pacific Celebes,2010,7
2010-07-28 17:33:00+00:00,-33.8238,152.0011,18.4728,Z,VRZN9,Pacific Celebes,2010,7
2010-07-28 17:35:00+00:00,-33.8162,152.0043,18.4655,Z,VRZN9,Pacific Celebes,2010,7
2010-07-28 17:37:00+00:00,-33.8081,152.0076,18.4356,Z,VRZN9,Pacific Celebes,2010,7
2010-07-28 17:39:00+00:00,-33.8004,152.0109,18.3946,Z,VRZN9,Pacific Celebes,2010,7
2010-07-28 17:41:00+00:00,-33.7927,152.0142,18.3154,Z,VRZN9,Pacific Celebes,2010,7
2010-07-28 17:43:00+00:00,-33.7851,152.0174,18.2344,Z,VRZN9,Pacific Celebes,2010,7
2010-07-28 17:45:00+00:00,-33.7774,152.0208,18.1693,Z,VRZN9,Pacific Celebes,2010,7
2010-07-28 17:47:00+00:00,-33.7697,152.024,18.1324,Z,VRZN9,Pacific Celebes,2010,7
2010-07-28 17:49:00+00:00,-33.762,152.0272,18.1143,Z,VRZN9,Pacific Celebes,2010,7
2010-07-28 17:51:00+00:00,-33.7544,152.0307,18.1075,Z,VRZN9,Pacific Celebes,2010,7
2010-07-28 17:53:00+00:00,-33.7466,152.0347,18.0895,Z,VRZN9,Pacific Celebes,2010,7
2010-07-28 17:55:00+00:00,-33.7391,152.0385,18.0961,Z,VRZN9,Pacific Celebes,2010,7
2010-07-28 17:57:00+00:00,-33.7317,152.0425,18.1413,Z,VRZN9,Pacific Celebes,2010,7
2010-07-28 18:00:00+00:00,-33.7242,152.0464,18.1974,Z,VRZN9,Pacific Celebes,2010,7
2010-07-28 18:02:00+00:00,-33.7166,152.0504,18.2428,Z,VRZN9,Pacific Celebes,2010,7
2010-07-28 18:04:00+00:00,-33.7091,152.0544,18.2786,Z,VRZN9,Pacific Celebes,2010,7
2010-07-28 18:06:00+00:00,-33.7016,152.0584,18.3057,Z,VRZN9,Pacific Celebes,2010,7
2010-07-28 18:08:00+00:00,-33.694,152.0624,18.3278,Z,VRZN9,Pacific Celebes,2010,7
2010-07-28 18:10:00+00:00,-33.686,152.0665,18.3323,Z,VRZN9,Pacific Celebes,2010,7
2010-07-28 18:12:00+00:00,-33.6784,152.0705,18.3053,Z,VRZN9,Pacific Celebes,2010,7
2010-07-28 18:14:00+00:00,-33.6707,152.0744,18.2258,Z,VRZN9,Pacific Celebes,2010,7
2010-07-28 18:16:00+00:00,-33.6631,152.0783,18.1587,Z,VRZN9,Pacific Celebes,2010,7
2010-07-28 18:18:00+00:00,-33.6554,152.0823,18.1245,Z,VRZN9,Pacific Celebes,2010,7
2010-07-28 18:20:00+00:00,-33.6477,152.0863,18.1089,Z,VRZN9,Pacific Celebes,2010,7
2010-07-28 18:22:00+00:00,-33.64,152.0902,18.1182,Z,VRZN9,Pacific Celebes,2010,7
2010-07-28 18:24:00+00:00,-33.6323,152.0941,18.1437,Z,VRZN9,Pacific Celebes,2010,7
2010-07-28 18:26:00+00:00,-33.6243,152.0982,18.1642,Z,VRZN9,Pacific Celebes,2010,7
2010-07-28 18:28:00+00:00,-33.6166,152.1021,18.1858,Z,VRZN9,Pacific Celebes,2010,7
2010-07-28 18:30:00+00:00,-33.6088,152.106,18.2044,Z,VRZN9,Pacific Celebes,2010,7
2010-07-28 18:32:00+00:00,-33.601,152.1099,18.2123,Z,VRZN9,Pacific Celebes,2010,7
2010-08-02 21:50:00+00:00,-33.6015,151.8143,17.8014,Z,VRZN9,Pacific Celebes,2010,8
2010-08-02 21:52:00+00:00,-33.6035,151.8114,17.7985,Z,VRZN9,Pacific Celebes,2010,8
2010-08-02 21:54:00+00:00,-33.6055,151.8086,17.7992,Z,VRZN9,Pacific Celebes,2010,8
2010-08-02 21:56:00+00:00,-33.6069,151.8056,17.7935,Z,VRZN9,Pacific Celebes,2010,8
2010-08-02 21:58:00+00:00,-33.6083,151.803,17.7926,Z,VRZN9,Pacific Celebes,2010,8
2010-08-02 22:00:00+00:00,-33.6097,151.8006,17.7865,Z,VRZN9,Pacific Celebes,2010,8
2010-08-02 22:02:00+00:00,-33.6111,151.798,17.7849,Z,VRZN9,Pacific Celebes,2010,8
2010-08-02 22:04:00+00:00,-33.6128,151.7951,17.7834,Z,VRZN9,Pacific Celebes,2010,8
2010-08-02 22:06:00+00:00,-33.6148,151.7923,17.7831,Z,VRZN9,Pacific Celebes,2010,8
2010-08-02 22:08:00+00:00,-33.6164,151.7895,17.791,Z,VRZN9,Pacific Celebes,2010,8
2010-08-02 22:10:00+00:00,-33.6173,151.787,17.8186,Z,VRZN9,Pacific Celebes,2010,8
2010-08-02 22:12:00+00:00,-33.6188,151.7843,17.8394,Z,VRZN9,Pacific Celebes,2010,8
2010-08-02 22:14:00+00:00,-33.6205,151.7815,17.8609,Z,VRZN9,Pacific Celebes,2010,8
2010-08-02 22:16:00+00:00,-33.6225,151.7787,17.8775,Z,VRZN9,Pacific Celebes,2010,8
2010-08-02 22:18:00+00:00,-33.6247,151.7758,17.8964,Z,VRZN9,Pacific Celebes,2010,8
2010-08-02 22:20:00+00:00,-33.6263,151.7728,17.9121,Z,VRZN9,Pacific Celebes,2010,8
2010-08-02 22:22:00+00:00,-33.6283,151.77,17.9266,Z,VRZN9,Pacific Celebes,2010,8
2010-08-02 22:24:00+00:00,-33.6302,151.7671,17.9356,Z,VRZN9,Pacific Celebes,2010,8
2010-08-02 22:26:00+00:00,-33.6318,151.7644,17.9427,Z,VRZN9,Pacific Celebes,2010,8
2010-08-02 22:28:00+00:00,-33.6332,151.7616,17.953,Z,VRZN9,Pacific Celebes,2010,8
2010-08-02 22:30:00+00:00,-33.6339,151.7591,17.9611,Z,VRZN9,Pacific Celebes,2010,8
2010-08-02 22:32:00+00:00,-33.6349,151.7566,17.9675,Z,VRZN9,Pacific Celebes,2010,8
2010-08-02 22:34:00+00:00,-33.636,151.7537,17.9778,Z,VRZN9,Pacific Celebes,2010,8
2010-08-02 22:36:00+00:00,-33.6379,151.7509,17.9833,Z,VRZN9,Pacific Celebes,2010,8
2010-08-02 22:38:00+00:00,-33.6396,151.7482,17.9912,Z,VRZN9,Pacific Celebes,2010,8
2010-08-02 22:40:00+00:00,-33.641,151.7454,18.0016,Z,VRZN9,Pacific Celebes,2010,8
2010-08-02 22:42:00+00:00,-33.6425,151.7426,18.0162,Z,VRZN9,Pacific Celebes,2010,8
2010-08-02 22:44:00+00:00,-33.6437,151.7397,18.0245,Z,VRZN9,Pacific Celebes,2010,8
2010-08-02 22:46:00+00:00,-33.6451,151.7371,18.0364,Z,VRZN9,Pacific Celebes,2010,8
2010-08-02 22:48:00+00:00,-33.6466,151.7343,18.0437,Z,VRZN9,Pacific Celebes,2010,8
2010-08-02 22:50:00+00:00,-33.6479,151.7314,18.0481,Z,VRZN9,Pacific Celebes,2010,8
2010-08-02 22:52:00+00:00,-33.6493,151.7286,18.048,Z,VRZN9,Pacific Celebes,2010,8
2010-08-02 22:54:00+00:00,-33.6507,151.7263,18.0474,Z,VRZN9,Pacific Celebes,2010,8
2010-08-02 22:56:00+00:00,-33.6518,151.7236,18.0445,Z,VRZN9,Pacific Celebes,2010,8
2010-08-02 22:58:00+00:00,-33.6526,151.7213,18.042,Z,VRZN9,Pacific Celebes,2010,8
2010-08-02 23:00:00+00:00,-33.6536,151.7189,18.0313,Z,VRZN9,Pacific Celebes,2010,8
2010-08-02 23:02:00+00:00,-33.6549,151.7164,18.0266,Z,VRZN9,Pacific Celebes,2010,8
2010-08-02 23:04:00+00:00,-33.656,151.7138,18.0248,Z,VRZN9,Pacific Celebes,2010,8
2010-08-02 23:06:00+00:00,-33.6578,151.7113,18.0308,Z,VRZN9,Pacific Celebes,2010,8
2010-08-02 23:08:00+00:00,-33.6595,151.7088,18.0292,Z,VRZN9,Pacific Celebes,2010,8
2010-08-02 23:10:00+00:00,-33.6607,151.7065,18.0319,Z,VRZN9,Pacific Celebes,2010,8
2010-08-02 23:12:00+00:00,-33.6623,151.7039,18.0321,Z,VRZN9,Pacific Celebes,2010,8
2010-08-02 23:14:00+00:00,-33.6637,151.7014,18.0278,Z,VRZN9,Pacific Celebes,2010,8
2010-08-02 23:16:00+00:00,-33.6651,151.6989,18.0225,Z,VRZN9,Pacific Celebes,2010,8
2010-08-02 23:18:00+00:00,-33.6666,151.6964,18.0191,Z,VRZN9,Pacific Celebes,2010,8
2010-08-02 23:20:00+00:00,-33.6678,151.6943,18.0235,Z,VRZN9,Pacific Celebes,2010,8
2010-08-02 23:22:00+00:00,-33.669,151.6919,18.0229,Z,VRZN9,Pacific Celebes,2010,8
2010-08-02 23:24:00+00:00,-33.6708,151.6892,18.0218,Z,VRZN9,Pacific Celebes,2010,8
2010-08-02 23:26:00+00:00,-33.6727,151.6865,18.021,Z,VRZN9,Pacific Celebes,2010,8
2010-08-02 23:28:00+00:00,-33.6747,151.6838,18.0268,Z,VRZN9,Pacific Celebes,2010,8
2010-08-02 23:30:00+00:00,-33.6772,151.6807,18.025,Z,VRZN9,Pacific Celebes,2010,8
2010-08-02 23:33:00+00:00,-33.6796,151.6781,18.0239,Z,VRZN9,Pacific Celebes,2010,8
2010-08-02 23:35:00+00:00,-33.6824,151.6753,18.0229,Z,VRZN9,Pacific Celebes,2010,8
2010-08-03 00:01:00+00:00,-33.7124,151.6414,17.961,Z,VRZN9,Pacific Celebes,2010,8
2010-08-03 00:03:00+00:00,-33.7146,151.6388,17.9596,Z,VRZN9,Pacific Celebes,2010,8
2010-08-03 00:05:00+00:00,-33.7168,151.6362,17.9655,Z,VRZN9,Pacific Celebes,2010,8
2010-08-03 00:07:00+00:00,-33.7191,151.6338,17.9756,Z,VRZN9,Pacific Celebes,2010,8
2010-08-03 00:09:00+00:00,-33.7211,151.6314,17.9915,Z,VRZN9,Pacific Celebes,2010,8
2010-08-03 00:11:00+00:00,-33.7237,151.629,18.0166,Z,VRZN9,Pacific Celebes,2010,8
2010-08-03 00:13:00+00:00,-33.7267,151.6264,18.0408,Z,VRZN9,Pacific Celebes,2010,8
2010-08-03 00:15:00+00:00,-33.7297,151.6236,18.0658,Z,VRZN9,Pacific Celebes,2010,8
2010-08-03 00:17:00+00:00,-33.7323,151.621,18.0939,Z,VRZN9,Pacific Celebes,2010,8
2010-08-03 00:19:00+00:00,-33.7347,151.6186,18.1254,Z,VRZN9,Pacific Celebes,2010,8
2010-08-03 00:21:00+00:00,-33.7369,151.6159,18.1554,Z,VRZN9,Pacific Celebes,2010,8
2010-08-03 00:23:00+00:00,-33.7391,151.6134,18.1744,Z,VRZN9,Pacific Celebes,2010,8
2010-08-03 00:25:00+00:00,-33.7415,151.611,18.1887,Z,VRZN9,Pacific Celebes,2010,8
2010-08-03 00:27:00+00:00,-33.7442,151.6085,18.2073,Z,VRZN9,Pacific Celebes,2010,8
2010-08-03 00:29:00+00:00,-33.7469,151.6062,18.2233,Z,VRZN9,Pacific Celebes,2010,8
2010-08-03 00:31:00+00:00,-33.7498,151.6035,18.2368,Z,VRZN9,Pacific Celebes,2010,8
2010-08-03 00:33:00+00:00,-33.7525,151.6008,18.2509,Z,VRZN9,Pacific Celebes,2010,8
2010-08-03 00:35:00+00:00,-33.7554,151.5984,18.2654,Z,VRZN9,Pacific Celebes,2010,8
2010-08-03 00:37:00+00:00,-33.7585,151.5957,18.2768,Z,VRZN9,Pacific Celebes,2010,8
2010-08-03 00:39:00+00:00,-33.7612,151.5931,18.2895,Z,VRZN9,Pacific Celebes,2010,8
2010-08-03 00:41:00+00:00,-33.7633,151.5906,18.3039,Z,VRZN9,Pacific Celebes,2010,8
2010-08-03 00:43:00+00:00,-33.7653,151.5884,18.3164,Z,VRZN9,Pacific Celebes,2010,8
2010-08-03 00:45:00+00:00,-33.7676,151.5861,18.3304,Z,VRZN9,Pacific Celebes,2010,8
2010-08-03 00:47:00+00:00,-33.7704,151.5836,18.3412,Z,VRZN9,Pacific Celebes,2010,8
2010-08-03 00:49:00+00:00,-33.7731,151.5811,18.3481,Z,VRZN9,Pacific Celebes,2010,8
2010-08-03 00:51:00+00:00,-33.7752,151.5788,18.359,Z,VRZN9,Pacific Celebes,2010,8
2010-08-03 00:53:00+00:00,-33.7771,151.5762,18.3657,Z,VRZN9,Pacific Celebes,2010,8
2010-08-03 00:55:00+00:00,-33.7794,151.5739,18.3705,Z,VRZN9,Pacific Celebes,2010,8
2010-08-03 00:57:00+00:00,-33.7813,151.5718,18.3748,Z,VRZN9,Pacific Celebes,2010,8
2010-08-03 00:59:00+00:00,-33.7829,151.5696,18.3811,Z,VRZN9,Pacific Celebes,2010,8
2010-08-03 01:01:00+00:00,-33.7851,151.5675,18.3907,Z,VRZN9,Pacific Celebes,2010,8
2010-08-03 01:03:00+00:00,-33.7874,151.5652,18.4006,Z,VRZN9,Pacific Celebes,2010,8
2010-08-03 01:05:00+00:00,-33.7898,151.5627,18.4053,Z,VRZN9,Pacific Celebes,2010,8
2010-08-03 01:07:00+00:00,-33.7923,151.5607,18.4138,Z,VRZN9,Pacific Celebes,2010,8
2010-08-03 01:09:00+00:00,-33.7944,151.5582,18.4176,Z,VRZN9,Pacific Celebes,2010,8
2010-08-03 01:11:00+00:00,-33.7973,151.5559,18.4174,Z,VRZN9,Pacific Celebes,2010,8
2010-08-03 01:13:00+00:00,-33.7998,151.5534,18.4139,Z,VRZN9,Pacific Celebes,2010,8
2010-08-03 01:15:00+00:00,-33.8022,151.5511,18.4095,Z,VRZN9,Pacific Celebes,2010,8
2010-08-03 01:17:00+00:00,-33.8046,151.5489,18.4051,Z,VRZN9,Pacific Celebes,2010,8
2010-08-03 01:19:00+00:00,-33.8068,151.5469,18.4039,Z,VRZN9,Pacific Celebes,2010,8
2010-08-03 01:21:00+00:00,-33.8097,151.5447,18.4057,Z,VRZN9,Pacific Celebes,2010,8
2010-08-03 01:23:00+00:00,-33.8127,151.5422,18.4046,Z,VRZN9,Pacific Celebes,2010,8
2010-08-03 01:25:00+00:00,-33.8156,151.5399,18.4076,Z,VRZN9,Pacific Celebes,2010,8
2010-08-03 01:27:00+00:00,-33.8189,151.5372,18.4097,Z,VRZN9,Pacific Celebes,2010,8
2010-08-03 01:29:00+00:00,-33.8225,151.5344,18.4098,Z,VRZN9,Pacific Celebes,2010,8
2010-08-03 01:31:00+00:00,-33.826,151.5318,18.4083,Z,VRZN9,Pacific Celebes,2010,8
2010-08-03 01:33:00+00:00,-33.8295,151.529,18.4049,Z,VRZN9,Pacific Celebes,2010,8
2010-08-03 01:35:00+00:00,-33.8327,151.5264,18.4016,Z,VRZN9,Pacific Celebes,2010,8
2010-08-03 01:37:00+00:00,-33.8358,151.5239,18.4008,Z,VRZN9,Pacific Celebes,2010,8
2010-08-03 01:39:00+00:00,-33.8384,151.5214,18.3987,Z,VRZN9,Pacific Celebes,2010,8
2010-08-03 01:41:00+00:00,-33.8405,151.5191,18.3961,Z,VRZN9,Pacific Celebes,2010,8
2010-08-03 01:43:00+00:00,-33.843,151.5169,18.3886,Z,VRZN9,Pacific Celebes,2010,8
2010-08-03 01:45:00+00:00,-33.8457,151.5146,18.3783,Z,VRZN9,Pacific Celebes,2010,8
2010-08-03 01:47:00+00:00,-33.8479,151.5124,18.3697,Z,VRZN9,Pacific Celebes,2010,8
2010-08-03 01:49:00+00:00,-33.8502,151.5103,18.3574,Z,VRZN9,Pacific Celebes,2010,8
2010-08-03 01:51:00+00:00,-33.8521,151.5081,18.347,Z,VRZN9,Pacific Celebes,2010,8
2010-08-03 01:53:00+00:00,-33.8549,151.506,18.337,Z,VRZN9,Pacific Celebes,2010,8
2010-08-03 01:55:00+00:00,-33.8575,151.5036,18.3254,Z,VRZN9,Pacific Celebes,2010,8
2010-08-03 01:57:00+00:00,-33.8594,151.501,18.3091,Z,VRZN9,Pacific Celebes,2010,8
2010-08-03 01:59:00+00:00,-33.8618,151.4987,18.2988,Z,VRZN9,Pacific Celebes,2010,8
2010-08-03 02:01:00+00:00,-33.8643,151.4959,18.2854,Z,VRZN9,Pacific Celebes,2010,8
2010-08-03 02:03:00+00:00,-33.8673,151.4931,18.2781,Z,VRZN9,Pacific Celebes,2010,8
2010-08-03 02:05:00+00:00,-33.8703,151.4904,18.2661,Z,VRZN9,Pacific Celebes,2010,8
2010-08-03 02:07:00+00:00,-33.873,151.4876,18.2441,Z,VRZN9,Pacific Celebes,2010,8
2010-08-03 02:09:00+00:00,-33.8757,151.4847,18.2262,Z,VRZN9,Pacific Celebes,2010,8
2010-08-03 02:11:00+00:00,-33.8781,151.4822,18.1981,Z,VRZN9,Pacific Celebes,2010,8
2010-08-03 02:13:00+00:00,-33.8804,151.4796,18.1569,Z,VRZN9,Pacific Celebes,2010,8
2010-08-03 02:15:00+00:00,-33.8825,151.4769,18.1089,Z,VRZN9,Pacific Celebes,2010,8
2010-08-03 02:17:00+00:00,-33.8848,151.4743,18.0672,Z,VRZN9,Pacific Celebes,2010,8
2010-08-03 02:19:00+00:00,-33.8872,151.4714,18.0252,Z,VRZN9,Pacific Celebes,2010,8
2010-08-03 02:21:00+00:00,-33.8897,151.4686,17.9885,Z,VRZN9,Pacific Celebes,2010,8
2010-08-03 02:23:00+00:00,-33.8923,151.466,17.9656,Z,VRZN9,Pacific Celebes,2010,8
2010-08-03 02:25:00+00:00,-33.8951,151.4631,17.9495,Z,VRZN9,Pacific Celebes,2010,8
2010-08-03 02:27:00+00:00,-33.8979,151.4601,17.9425,Z,VRZN9,Pacific Celebes,2010,8
2010-08-11 11:49:00+00:00,-33.8988,151.6937,18.4876,Z,VRZN9,Pacific Celebes,2010,8
2010-08-11 11:51:00+00:00,-33.8941,151.6992,18.4781,Z,VRZN9,Pacific Celebes,2010,8
2010-08-11 11:53:00+00:00,-33.8895,151.7046,18.4727,Z,VRZN9,Pacific Celebes,2010,8
2010-08-11 11:55:00+00:00,-33.885,151.7098,18.468,Z,VRZN9,Pacific Celebes,2010,8
2010-08-11 11:57:00+00:00,-33.8803,151.7154,18.4604,Z,VRZN9,Pacific Celebes,2010,8
2010-08-11 11:59:00+00:00,-33.8753,151.7211,18.4502,Z,VRZN9,Pacific Celebes,2010,8
2010-08-11 12:01:00+00:00,-33.8706,151.7266,18.4419,Z,VRZN9,Pacific Celebes,2010,8
2010-08-11 12:03:00+00:00,-33.866,151.7321,18.4394,Z,VRZN9,Pacific Celebes,2010,8
2010-08-11 12:05:00+00:00,-33.8612,151.7373,18.4339,Z,VRZN9,Pacific Celebes,2010,8
2010-08-11 12:07:00+00:00,-33.8565,151.7425,18.4321,Z,VRZN9,Pacific Celebes,2010,8
2010-08-11 12:09:00+00:00,-33.8518,151.7477,18.4322,Z,VRZN9,Pacific Celebes,2010,8
2010-08-11 12:11:00+00:00,-33.847,151.753,18.4284,Z,VRZN9,Pacific Celebes,2010,8
2010-08-11 12:13:00+00:00,-33.8419,151.7586,18.4268,Z,VRZN9,Pacific Celebes,2010,8
2010-08-11 12:15:00+00:00,-33.8371,151.7637,18.4275,Z,VRZN9,Pacific Celebes,2010,8
2010-08-11 12:17:00+00:00,-33.8325,151.7689,18.4287,Z,VRZN9,Pacific Celebes,2010,8
2010-08-11 12:19:00+00:00,-33.8278,151.774,18.4263,Z,VRZN9,Pacific Celebes,2010,8
2010-08-11 12:21:00+00:00,-33.823,151.7793,18.4243,Z,VRZN9,Pacific Celebes,2010,8
2010-08-11 12:23:00+00:00,-33.8181,151.7845,18.4195,Z,VRZN9,Pacific Celebes,2010,8
2010-08-11 12:25:00+00:00,-33.8132,151.7898,18.4162,Z,VRZN9,Pacific Celebes,2010,8
2010-08-11 12:27:00+00:00,-33.8084,151.7952,18.4125,Z,VRZN9,Pacific Celebes,2010,8
2010-08-11 12:29:00+00:00,-33.8034,151.8004,18.4089,Z,VRZN9,Pacific Celebes,2010,8
2010-08-11 12:31:00+00:00,-33.7987,151.8056,18.4058,Z,VRZN9,Pacific Celebes,2010,8
2010-08-11 12:33:00+00:00,-33.794,151.8107,18.4037,Z,VRZN9,Pacific Celebes,2010,8
2010-08-11 12:36:00+00:00,-33.7892,151.816,18.4059,Z,VRZN9,Pacific Celebes,2010,8
2010-08-11 12:38:00+00:00,-33.7844,151.8212,18.4133,Z,VRZN9,Pacific Celebes,2010,8
2010-08-11 12:40:00+00:00,-33.7795,151.8265,18.4238,Z,VRZN9,Pacific Celebes,2010,8
2010-08-11 12:42:00+00:00,-33.7745,151.8319,18.4375,Z,VRZN9,Pacific Celebes,2010,8
2010-08-11 12:44:00+00:00,-33.7695,151.8374,18.4515,Z,VRZN9,Pacific Celebes,2010,8
2010-08-11 12:46:00+00:00,-33.7643,151.843,18.4645,Z,VRZN9,Pacific Celebes,2010,8
2010-08-11 12:48:00+00:00,-33.7594,151.8483,18.4748,Z,VRZN9,Pacific Celebes,2010,8
2010-08-11 12:50:00+00:00,-33.7544,151.8537,18.4809,Z,VRZN9,Pacific Celebes,2010,8
2010-08-11 12:52:00+00:00,-33.7493,151.859,18.4865,Z,VRZN9,Pacific Celebes,2010,8
2010-08-11 12:54:00+00:00,-33.7443,151.8643,18.4904,Z,VRZN9,Pacific Celebes,2010,8
2010-08-11 12:56:00+00:00,-33.7395,151.8694,18.4932,Z,VRZN9,Pacific Celebes,2010,8
2010-08-11 12:58:00+00:00,-33.7347,151.8745,18.4952,Z,VRZN9,Pacific Celebes,2010,8
2010-08-11 13:00:00+00:00,-33.7299,151.8795,18.4939,Z,VRZN9,Pacific Celebes,2010,8
2010-08-11 13:02:00+00:00,-33.7249,151.8848,18.4933,Z,VRZN9,Pacific Celebes,2010,8
2010-08-11 13:04:00+00:00,-33.7201,151.8898,18.4979,Z,VRZN9,Pacific Celebes,2010,8
2010-08-11 13:06:00+00:00,-33.7153,151.8948,18.5127,Z,VRZN9,Pacific Celebes,2010,8
2010-08-11 13:08:00+00:00,-33.7103,151.9,18.5407,Z,VRZN9,Pacific Celebes,2010,8
2010-08-11 13:10:00+00:00,-33.7054,151.9052,18.5569,Z,VRZN9,Pacific Celebes,2010,8
2010-08-11 13:12:00+00:00,-33.7006,151.9102,18.5459,Z,VRZN9,Pacific Celebes,2010,8
2010-08-11 13:14:00+00:00,-33.6959,151.9152,18.5204,Z,VRZN9,Pacific Celebes,2010,8
2010-08-11 13:16:00+00:00,-33.6911,151.9204,18.4808,Z,VRZN9,Pacific Celebes,2010,8
2010-08-11 13:18:00+00:00,-33.686,151.9258,18.4279,Z,VRZN9,Pacific Celebes,2010,8
2010-08-11 13:20:00+00:00,-33.6811,151.9312,18.3723,Z,VRZN9,Pacific Celebes,2010,8
2010-08-11 13:22:00+00:00,-33.6763,151.9362,18.3055,Z,VRZN9,Pacific Celebes,2010,8
2010-08-11 13:24:00+00:00,-33.6714,151.9413,18.2233,Z,VRZN9,Pacific Celebes,2010,8
2010-08-11 13:26:00+00:00,-33.6665,151.9466,18.1298,Z,VRZN9,Pacific Celebes,2010,8
2010-08-11 13:28:00+00:00,-33.6616,151.9519,18.048,Z,VRZN9,Pacific Celebes,2010,8
2010-08-11 13:30:00+00:00,-33.6566,151.9573,17.9787,Z,VRZN9,Pacific Celebes,2010,8
2010-08-11 13:32:00+00:00,-33.6516,151.9629,17.9728,Z,VRZN9,Pacific Celebes,2010,8
2010-08-11 13:34:00+00:00,-33.6463,151.9687,18.0047,Z,VRZN9,Pacific Celebes,2010,8
2010-08-11 13:36:00+00:00,-33.6413,151.9743,18.0552,Z,VRZN9,Pacific Celebes,2010,8
2010-08-11 13:38:00+00:00,-33.6362,151.98,18.1116,Z,VRZN9,Pacific Celebes,2010,8
2010-08-11 13:40:00+00:00,-33.6312,151.9857,18.1657,Z,VRZN9,Pacific Celebes,2010,8
2010-08-11 13:42:00+00:00,-33.6261,151.9913,18.2154,Z,VRZN9,Pacific Celebes,2010,8
2010-08-11 13:44:00+00:00,-33.6213,151.997,18.2593,Z,VRZN9,Pacific Celebes,2010,8
2010-08-11 13:46:00+00:00,-33.6164,152.0026,18.3007,Z,VRZN9,Pacific Celebes,2010,8
2010-08-11 13:48:00+00:00,-33.6114,152.0083,18.3366,Z,VRZN9,Pacific Celebes,2010,8
2010-08-11 13:50:00+00:00,-33.6066,152.0138,18.3688,Z,VRZN9,Pacific Celebes,2010,8
2010-08-11 13:52:00+00:00,-33.6018,152.0195,18.4037,Z,VRZN9,Pacific Celebes,2010,8
2010-10-30 07:23:00+00:00,-33.6021,152.2475,21.6709,Z,VRZN9,Pacific Celebes,2010,10
2010-10-30 07:25:00+00:00,-33.6096,152.2441,21.6744,Z,VRZN9,Pacific Celebes,2010,10
2010-10-30 07:27:00+00:00,-33.617,152.2408,21.676,Z,VRZN9,Pacific Celebes,2010,10
2010-10-30 07:29:00+00:00,-33.6245,152.2373,21.6716,Z,VRZN9,Pacific Celebes,2010,10
2010-10-30 07:31:00+00:00,-33.632,152.2339,21.6721,Z,VRZN9,Pacific Celebes,2010,10
2010-10-30 07:33:00+00:00,-33.6398,152.2304,21.682,Z,VRZN9,Pacific Celebes,2010,10
2010-10-30 07:35:00+00:00,-33.6473,152.227,21.7022,Z,VRZN9,Pacific Celebes,2010,10
2010-10-30 07:37:00+00:00,-33.6547,152.2236,21.7174,Z,VRZN9,Pacific Celebes,2010,10
2010-10-30 07:39:00+00:00,-33.6622,152.2202,21.7286,Z,VRZN9,Pacific Celebes,2010,10
2010-10-30 07:41:00+00:00,-33.6697,152.2168,21.7371,Z,VRZN9,Pacific Celebes,2010,10
2010-10-30 07:43:00+00:00,-33.6771,152.2135,21.7423,Z,VRZN9,Pacific Celebes,2010,10
2010-10-30 07:45:00+00:00,-33.6845,152.2102,21.7491,Z,VRZN9,Pacific Celebes,2010,10
2010-10-30 07:47:00+00:00,-33.6919,152.2068,21.754,Z,VRZN9,Pacific Celebes,2010,10
2010-10-30 07:49:00+00:00,-33.6997,152.2033,21.7583,Z,VRZN9,Pacific Celebes,2010,10
2010-10-30 07:51:00+00:00,-33.7072,152.2,21.7582,Z,VRZN9,Pacific Celebes,2010,10
2010-10-30 07:53:00+00:00,-33.7147,152.1966,21.7519,Z,VRZN9,Pacific Celebes,2010,10
2010-10-30 07:55:00+00:00,-33.7222,152.1933,21.7459,Z,VRZN9,Pacific Celebes,2010,10
2010-10-30 07:57:00+00:00,-33.7297,152.1899,21.7414,Z,VRZN9,Pacific Celebes,2010,10
2010-10-30 07:59:00+00:00,-33.7372,152.1866,21.7324,Z,VRZN9,Pacific Celebes,2010,10
2010-10-30 08:01:00+00:00,-33.7447,152.1832,21.716,Z,VRZN9,Pacific Celebes,2010,10
2010-10-30 08:03:00+00:00,-33.7522,152.1799,21.6946,Z,VRZN9,Pacific Celebes,2010,10
2010-10-30 08:05:00+00:00,-33.7601,152.1762,21.6726,Z,VRZN9,Pacific Celebes,2010,10
2010-10-30 08:07:00+00:00,-33.7676,152.1725,21.6478,Z,VRZN9,Pacific Celebes,2010,10
2010-10-30 08:09:00+00:00,-33.7752,152.1689,21.6197,Z,VRZN9,Pacific Celebes,2010,10
2010-10-30 08:11:00+00:00,-33.7827,152.1654,21.58,Z,VRZN9,Pacific Celebes,2010,10
2010-10-30 08:13:00+00:00,-33.7903,152.1618,21.5382,Z,VRZN9,Pacific Celebes,2010,10
2010-10-30 08:15:00+00:00,-33.7978,152.1582,21.4911,Z,VRZN9,Pacific Celebes,2010,10
2010-10-30 08:17:00+00:00,-33.8054,152.1547,21.4428,Z,VRZN9,Pacific Celebes,2010,10
2010-10-30 08:19:00+00:00,-33.8133,152.151,21.3914,Z,VRZN9,Pacific Celebes,2010,10
2010-10-30 08:21:00+00:00,-33.8209,152.1475,21.3515,Z,VRZN9,Pacific Celebes,2010,10
2010-10-30 08:23:00+00:00,-33.8286,152.144,21.3312,Z,VRZN9,Pacific Celebes,2010,10
2010-10-30 08:25:00+00:00,-33.8363,152.1405,21.3177,Z,VRZN9,Pacific Celebes,2010,10
2010-10-30 08:27:00+00:00,-33.844,152.1372,21.3159,Z,VRZN9,Pacific Celebes,2010,10
2010-10-30 08:29:00+00:00,-33.8516,152.1338,21.3266,Z,VRZN9,Pacific Celebes,2010,10
2010-10-30 08:31:00+00:00,-33.8594,152.1304,21.3337,Z,VRZN9,Pacific Celebes,2010,10
2010-10-30 08:33:00+00:00,-33.8671,152.1271,21.341,Z,VRZN9,Pacific Celebes,2010,10
2010-10-30 08:35:00+00:00,-33.8752,152.1236,21.3452,Z,VRZN9,Pacific Celebes,2010,10
2010-10-30 08:37:00+00:00,-33.883,152.1203,21.3498,Z,VRZN9,Pacific Celebes,2010,10
2010-10-30 08:39:00+00:00,-33.8907,152.1167,21.3487,Z,VRZN9,Pacific Celebes,2010,10
2010-10-30 08:42:00+00:00,-33.8984,152.113,21.3502,Z,VRZN9,Pacific Celebes,2010,10
2012-03-18 23:10:00+00:00,-33.6022,151.9348,23.3518,Z,VRZN9,Pacific Celebes,2012,3
2012-03-18 23:12:00+00:00,-33.6076,151.9292,23.3438,Z,VRZN9,Pacific Celebes,2012,3
2012-03-18 23:14:00+00:00,-33.6131,151.9237,23.3086,Z,VRZN9,Pacific Celebes,2012,3
2012-03-18 23:16:00+00:00,-33.6187,151.9185,23.2465,Z,VRZN9,Pacific Celebes,2012,3
2012-03-18 23:18:00+00:00,-33.6244,151.9134,23.2411,Z,VRZN9,Pacific Celebes,2012,3
2012-03-18 23:20:00+00:00,-33.63,151.9081,23.2535,Z,VRZN9,Pacific Celebes,2012,3
2012-03-18 23:22:00+00:00,-33.6355,151.903,23.275,Z,VRZN9,Pacific Celebes,2012,3
2012-03-18 23:24:00+00:00,-33.6413,151.8976,23.3047,Z,VRZN9,Pacific Celebes,2012,3
2012-03-18 23:26:00+00:00,-33.6469,151.8925,23.3298,Z,VRZN9,Pacific Celebes,2012,3
2012-03-18 23:28:00+00:00,-33.6527,151.8874,23.339,Z,VRZN9,Pacific Celebes,2012,3
2012-03-18 23:30:00+00:00,-33.6584,151.8822,23.3507,Z,VRZN9,Pacific Celebes,2012,3
2012-03-18 23:32:00+00:00,-33.664,151.8769,23.3576,Z,VRZN9,Pacific Celebes,2012,3
2012-03-18 23:34:00+00:00,-33.6698,151.8717,23.353,Z,VRZN9,Pacific Celebes,2012,3
2012-03-19 00:00:00+00:00,-33.7439,151.8003,23.1939,Z,VRZN9,Pacific Celebes,2012,3
2012-03-19 00:02:00+00:00,-33.7491,151.794,23.1754,Z,VRZN9,Pacific Celebes,2012,3
2012-03-19 00:04:00+00:00,-33.7552,151.7896,23.1906,Z,VRZN9,Pacific Celebes,2012,3
2012-03-19 00:06:00+00:00,-33.7612,151.7847,23.2204,Z,VRZN9,Pacific Celebes,2012,3
2012-03-19 00:08:00+00:00,-33.7672,151.7797,23.2461,Z,VRZN9,Pacific Celebes,2012,3
2012-03-19 00:10:00+00:00,-33.7732,151.7746,23.2492,Z,VRZN9,Pacific Celebes,2012,3
2012-03-19 00:12:00+00:00,-33.7795,151.7694,23.2486,Z,VRZN9,Pacific Celebes,2012,3
2012-03-19 00:14:00+00:00,-33.7856,151.7645,23.2738,Z,VRZN9,Pacific Celebes,2012,3
2012-03-19 00:16:00+00:00,-33.7917,151.7601,23.3246,Z,VRZN9,Pacific Celebes,2012,3
2012-03-19 00:18:00+00:00,-33.798,151.7557,23.3665,Z,VRZN9,Pacific Celebes,2012,3
2012-03-19 00:20:00+00:00,-33.8042,151.7512,23.4129,Z,VRZN9,Pacific Celebes,2012,3
2012-03-19 00:22:00+00:00,-33.8105,151.7469,23.4715,Z,VRZN9,Pacific Celebes,2012,3
2012-03-19 00:24:00+00:00,-33.8169,151.7425,23.5267,Z,VRZN9,Pacific Celebes,2012,3
2012-03-19 00:26:00+00:00,-33.8232,151.7381,23.5658,Z,VRZN9,Pacific Celebes,2012,3
2012-03-19 00:28:00+00:00,-33.8297,151.7336,23.5752,Z,VRZN9,Pacific Celebes,2012,3
2012-03-19 00:30:00+00:00,-33.836,151.7296,23.5676,Z,VRZN9,Pacific Celebes,2012,3
2012-03-19 00:32:00+00:00,-33.8423,151.7259,23.5725,Z,VRZN9,Pacific Celebes,2012,3
2012-03-19 00:34:00+00:00,-33.8487,151.7221,23.6183,Z,VRZN9,Pacific Celebes,2012,3
2012-03-19 00:36:00+00:00,-33.8552,151.7185,23.6536,Z,VRZN9,Pacific Celebes,2012,3
2012-03-19 00:38:00+00:00,-33.8618,151.7149,23.6704,Z,VRZN9,Pacific Celebes,2012,3
2012-03-19 00:40:00+00:00,-33.8682,151.7112,23.7011,Z,VRZN9,Pacific Celebes,2012,3
2012-03-19 00:42:00+00:00,-33.8747,151.7076,23.7431,Z,VRZN9,Pacific Celebes,2012,3
2012-03-19 00:44:00+00:00,-33.8815,151.7038,23.779,Z,VRZN9,Pacific Celebes,2012,3
2012-03-19 00:46:00+00:00,-33.8879,151.7003,23.7984,Z,VRZN9,Pacific Celebes,2012,3
2012-03-19 00:48:00+00:00,-33.8942,151.6968,23.8174,Z,VRZN9,Pacific Celebes,2012,3
2014-10-25 01:00:00+00:00,-33.8,152.1,19.9,Z,C6FS9,Stadacona,2014,10
2014-10-31 06:00:00+00:00,-33.7,151.7,21.5,Z,C6FS9,Stadacona,2014,10
2014-11-07 06:00:00+00:00,-33.8,151.6,20.3,Z,C6FS9,Stadacona,2014,11
2015-04-12 05:00:00+00:00,-33.8,151.7,21.9,Z,C6FS9,Stadacona,2015,4
2015-05-08 00:00:00+00:00,-33.7,152.2,22.6,Z,C6FS9,Stadacona,2015,5
2015-06-07 19:00:00+00:00,-33.7,152.2,21.2,Z,C6FS9,Stadacona,2015,6
2015-08-26 09:00:00+00:00,-33.8,151.9,21.2,Z,C6FS9,Stadacona,2015,8
2015-09-03 13:00:00+00:00,-33.7,152.2,19.7,Z,C6FS9,Stadacona,2015,9
2015-09-03 14:00:00+00:00,-33.7,152.0,20.4,Z,C6FS9,Stadacona,2015,9
2015-09-03 15:00:00+00:00,-33.8,151.9,20.5,Z,C6FS9,Stadacona,2015,9
2015-11-09 13:03:00+00:00,-33.6928,151.6533,20.34,Z,VRDU8,OOCL Panama,2015,11
2015-11-09 14:03:00+00:00,-33.8072,151.5517,20.78,Z,VRDU8,OOCL Panama,2015,11
2015-12-14 06:03:00+00:00,-33.698,151.6467,23.11,Z,VRDU8,OOCL Panama,2015,12
2015-12-14 07:03:00+00:00,-33.8348,151.5283,23.05,Z,VRDU8,OOCL Panama,2015,12
2016-01-04 07:00:00+00:00,-33.8,152.2,22.4,Z,C6FS9,Stadacona,2016,1
2016-01-15 11:00:00+00:00,-33.8,152.1,24.7,Z,C6FS9,Stadacona,2016,1
2016-02-24 00:03:00+00:00,-33.6833,151.6633,24.21,Z,VRDU8,OOCL Panama,2016,2
2016-02-24 01:03:00+00:00,-33.7978,151.5567,24.52,Z,VRDU8,OOCL Panama,2016,2
2016-03-29 04:03:00+00:00,-33.6222,151.7217,24.09,Z,VRDU8,OOCL Panama,2016,3
2016-03-29 05:03:00+00:00,-33.7422,151.6067,26.31,Z,VRDU8,OOCL Panama,2016,3
2016-03-29 06:03:00+00:00,-33.8707,151.5333,26.39,Z,VRDU8,OOCL Panama,2016,3
2016-05-02 22:03:00+00:00,-33.617,151.7083,21.8,Z,VRDU8,OOCL Panama,2016,5
2016-05-02 23:03:00+00:00,-33.7403,151.6083,21.79,Z,VRDU8,OOCL Panama,2016,5
2012-08-29 14:54:00+00:00,-33.6097,151.6733,17.94,Z,HSB3403,Wana Bhum,2012,8
2012-08-29 14:59:00+00:00,-33.6285,151.6567,17.94,Z,HSB3403,Wana Bhum,2012,8
2012-08-29 15:04:00+00:00,-33.6472,151.64,17.94,Z,HSB3403,Wana Bhum,2012,8
2012-08-29 15:09:00+00:00,-33.6655,151.6233,17.93,Z,HSB3403,Wana Bhum,2012,8
2012-08-29 15:14:00+00:00,-33.6838,151.6067,17.89,Z,HSB3403,Wana Bhum,2012,8
2012-08-29 15:19:00+00:00,-33.7022,151.59,17.88,Z,HSB3403,Wana Bhum,2012,8
2012-08-29 15:24:00+00:00,-33.721,151.5733,17.87,Z,HSB3403,Wana Bhum,2012,8
2012-08-29 15:29:00+00:00,-33.74,151.555,17.84,Z,HSB3403,Wana Bhum,2012,8
2012-08-29 15:34:00+00:00,-33.759,151.5383,17.85,Z,HSB3403,Wana Bhum,2012,8
2012-08-29 15:39:00+00:00,-33.7778,151.5217,17.83,Z,HSB3403,Wana Bhum,2012,8
2012-08-29 15:44:00+00:00,-33.797,151.505,17.79,Z,HSB3403,Wana Bhum,2012,8
2012-08-29 15:49:00+00:00,-33.8165,151.49,17.72,Z,HSB3403,Wana Bhum,2012,8
2012-08-29 15:54:00+00:00,-33.8357,151.475,17.71,Z,HSB3403,Wana Bhum,2012,8
2012-08-29 15:59:00+00:00,-33.8558,151.46,17.71,Z,HSB3403,Wana Bhum,2012,8
2012-08-29 16:04:00+00:00,-33.8768,151.4483,17.6,Z,HSB3403,Wana Bhum,2012,8
2012-08-29 16:09:00+00:00,-33.8977,151.435,17.49,Z,HSB3403,Wana Bhum,2012,8
2012-09-27 00:59:00+00:00,-33.7873,151.5333,18.87,Z,HSB3403,Wana Bhum,2012,9
2012-09-27 01:59:00+00:00,-33.8853,151.4183,18.58,Z,HSB3403,Wana Bhum,2012,9
2012-10-25 12:59:00+00:00,-33.722,151.575,19.0,Z,HSB3403,Wana Bhum,2012,10
2012-10-25 13:59:00+00:00,-33.8798,151.4417,19.32,Z,HSB3403,Wana Bhum,2012,10
2012-11-22 15:59:00+00:00,-33.7252,151.5683,20.32,Z,HSB3403,Wana Bhum,2012,11
2012-12-21 06:59:00+00:00,-33.6445,151.6433,20.92,Z,HSB3403,Wana Bhum,2012,12
2012-12-21 07:59:00+00:00,-33.8432,151.4383,20.99,Z,HSB3403,Wana Bhum,2012,12
2013-01-17 06:59:00+00:00,-33.6268,151.6567,22.94,Z,HSB3403,Wana Bhum,2013,1
2013-01-17 07:59:00+00:00,-33.8365,151.4717,22.76,Z,HSB3403,Wana Bhum,2013,1
2013-02-14 14:59:00+00:00,-33.751,151.5483,23.98,Z,HSB3403,Wana Bhum,2013,2
2013-03-15 05:59:00+00:00,-33.7825,151.6017,23.43,Z,HSB3403,Wana Bhum,2013,3
2013-04-12 10:59:00+00:00,-33.7413,151.5467,24.07,Z,HSB3403,Wana Bhum,2013,4
2013-01-10 09:59:00+00:00,-33.774,151.5233,21.95,Z,HSB3402,Xutra Bhum,2013,1
2013-02-07 20:59:00+00:00,-33.6157,151.66,22.0,Z,HSB3402,Xutra Bhum,2013,2
2013-02-07 21:59:00+00:00,-33.7747,151.5167,21.82,Z,HSB3402,Xutra Bhum,2013,2
2013-03-07 21:59:00+00:00,-33.7938,151.5,24.98,Z,HSB3402,Xutra Bhum,2013,3
2013-04-09 22:59:00+00:00,-33.8335,151.4733,23.49,Z,HSB3402,Xutra Bhum,2013,4
2012-07-26 03:09:00+00:00,-33.6147,151.66,19.45,Z,HSB3402,Xutra Bhum,2012,7
2012-07-26 03:14:00+00:00,-33.6288,151.6483,19.47,Z,HSB3402,Xutra Bhum,2012,7
2012-07-26 03:19:00+00:00,-33.643,151.6367,19.45,Z,HSB3402,Xutra Bhum,2012,7
2012-07-26 03:24:00+00:00,-33.6568,151.6233,19.56,Z,HSB3402,Xutra Bhum,2012,7
2012-07-26 03:29:00+00:00,-33.6705,151.6117,19.74,Z,HSB3402,Xutra Bhum,2012,7
2012-07-26 03:34:00+00:00,-33.6845,151.6,19.83,Z,HSB3402,Xutra Bhum,2012,7
2012-07-26 03:39:00+00:00,-33.6987,151.5883,19.88,Z,HSB3402,Xutra Bhum,2012,7
2012-07-26 03:44:00+00:00,-33.7127,151.5767,19.9,Z,HSB3402,Xutra Bhum,2012,7
2012-07-26 03:49:00+00:00,-33.7267,151.565,19.9,Z,HSB3402,Xutra Bhum,2012,7
2012-07-26 03:54:00+00:00,-33.7407,151.5517,19.9,Z,HSB3402,Xutra Bhum,2012,7
2012-07-26 03:59:00+00:00,-33.7548,151.54,19.92,Z,HSB3402,Xutra Bhum,2012,7
2012-07-26 04:04:00+00:00,-33.7688,151.5283,19.95,Z,HSB3402,Xutra Bhum,2012,7
2012-07-26 04:09:00+00:00,-33.7828,151.5167,19.96,Z,HSB3402,Xutra Bhum,2012,7
2012-07-26 04:14:00+00:00,-33.7968,151.505,19.96,Z,HSB3402,Xutra Bhum,2012,7
2012-07-26 04:19:00+00:00,-33.8108,151.4917,19.93,Z,HSB3402,Xutra Bhum,2012,7
2012-07-26 04:24:00+00:00,-33.825,151.48,19.9,Z,HSB3402,Xutra Bhum,2012,7
2012-07-26 04:29:00+00:00,-33.8393,151.4683,19.86,Z,HSB3402,Xutra Bhum,2012,7
2012-07-26 04:34:00+00:00,-33.8537,151.4567,19.78,Z,HSB3402,Xutra Bhum,2012,7
2012-07-26 04:39:00+00:00,-33.868,151.4433,19.71,Z,HSB3402,Xutra Bhum,2012,7
2012-07-26 04:44:00+00:00,-33.8823,151.4317,19.68,Z,HSB3402,Xutra Bhum,2012,7
2012-07-26 04:49:00+00:00,-33.8968,151.42,19.64,Z,HSB3402,Xutra Bhum,2012,7
2012-08-23 12:54:00+00:00,-33.6077,151.6667,18.17,Z,HSB3402,Xutra Bhum,2012,8
2012-08-23 12:59:00+00:00,-33.6262,151.65,18.34,Z,HSB3402,Xutra Bhum,2012,8
2012-08-23 13:04:00+00:00,-33.6443,151.6333,18.45,Z,HSB3402,Xutra Bhum,2012,8
2012-08-23 13:09:00+00:00,-33.6625,151.6167,18.46,Z,HSB3402,Xutra Bhum,2012,8
2012-08-23 13:14:00+00:00,-33.6807,151.6,18.41,Z,HSB3402,Xutra Bhum,2012,8
2012-08-23 13:19:00+00:00,-33.6992,151.5833,18.36,Z,HSB3402,Xutra Bhum,2012,8
2012-08-23 13:24:00+00:00,-33.7177,151.5683,18.34,Z,HSB3402,Xutra Bhum,2012,8
2012-08-23 13:29:00+00:00,-33.7367,151.5517,18.33,Z,HSB3402,Xutra Bhum,2012,8
2012-08-23 13:34:00+00:00,-33.7557,151.5367,18.33,Z,HSB3402,Xutra Bhum,2012,8
2012-08-23 13:39:00+00:00,-33.7748,151.5217,18.29,Z,HSB3402,Xutra Bhum,2012,8
2012-08-23 13:44:00+00:00,-33.7938,151.505,18.18,Z,HSB3402,Xutra Bhum,2012,8
2012-08-23 13:49:00+00:00,-33.813,151.49,18.01,Z,HSB3402,Xutra Bhum,2012,8
2012-08-23 13:54:00+00:00,-33.832,151.4733,17.88,Z,HSB3402,Xutra Bhum,2012,8
2012-08-23 13:59:00+00:00,-33.8512,151.4567,17.71,Z,HSB3402,Xutra Bhum,2012,8
2012-08-23 14:04:00+00:00,-33.8702,151.44,18.12,Z,HSB3402,Xutra Bhum,2012,8
2012-08-23 14:09:00+00:00,-33.8875,151.425,18.35,Z,HSB3402,Xutra Bhum,2012,8
2012-09-20 17:49:00+00:00,-33.6175,151.6583,18.06,Z,HSB3402,Xutra Bhum,2012,9
2012-09-20 17:54:00+00:00,-33.6358,151.6417,18.06,Z,HSB3402,Xutra Bhum,2012,9
2012-09-20 17:59:00+00:00,-33.6543,151.625,18.09,Z,HSB3402,Xutra Bhum,2012,9
2012-09-20 18:04:00+00:00,-33.6732,151.6083,18.11,Z,HSB3402,Xutra Bhum,2012,9
2012-09-20 18:09:00+00:00,-33.6918,151.5933,18.09,Z,HSB3402,Xutra Bhum,2012,9
2012-09-20 18:14:00+00:00,-33.7107,151.5767,18.09,Z,HSB3402,Xutra Bhum,2012,9
2012-09-20 18:19:00+00:00,-33.7293,151.5617,18.1,Z,HSB3402,Xutra Bhum,2012,9
2012-09-20 18:24:00+00:00,-33.748,151.545,18.04,Z,HSB3402,Xutra Bhum,2012,9
2012-09-20 18:29:00+00:00,-33.7667,151.53,17.98,Z,HSB3402,Xutra Bhum,2012,9
2012-09-20 18:34:00+00:00,-33.7847,151.515,17.95,Z,HSB3402,Xutra Bhum,2012,9
2012-09-20 18:39:00+00:00,-33.7998,151.5033,17.85,Z,HSB3402,Xutra Bhum,2012,9
2012-09-20 18:44:00+00:00,-33.8142,151.4917,17.85,Z,HSB3402,Xutra Bhum,2012,9
2012-09-20 18:49:00+00:00,-33.8283,151.48,17.85,Z,HSB3402,Xutra Bhum,2012,9
2012-09-20 18:54:00+00:00,-33.8423,151.4667,17.91,Z,HSB3402,Xutra Bhum,2012,9
2012-09-20 18:59:00+00:00,-33.8565,151.455,17.97,Z,HSB3402,Xutra Bhum,2012,9
2012-09-20 19:04:00+00:00,-33.8707,151.4433,17.98,Z,HSB3402,Xutra Bhum,2012,9
2012-09-20 19:09:00+00:00,-33.885,151.4317,18.0,Z,HSB3402,Xutra Bhum,2012,9
2012-09-20 19:14:00+00:00,-33.8993,151.4183,18.02,Z,HSB3402,Xutra Bhum,2012,9
2012-10-18 01:59:00+00:00,-33.635,151.6483,18.31,Z,HSB3402,Xutra Bhum,2012,10
2012-10-18 02:59:00+00:00,-33.8132,151.49,18.35,Z,HSB3402,Xutra Bhum,2012,10
2012-11-15 19:59:00+00:00,-33.7802,151.525,19.24,Z,HSB3402,Xutra Bhum,2012,11
2012-11-15 20:59:00+00:00,-33.8975,151.4183,19.42,Z,HSB3402,Xutra Bhum,2012,11
2012-12-14 07:59:00+00:00,-33.7567,151.535,20.24,Z,HSB3402,Xutra Bhum,2012,12
2016-06-09 06:03:00+00:00,-33.6067,151.7383,22.25,Z,VRDU8,OOCL Panama,2016,6
2016-06-09 07:03:00+00:00,-33.7357,151.6217,22.35,Z,VRDU8,OOCL Panama,2016,6
2016-06-09 08:03:00+00:00,-33.8697,151.495,22.11,Z,VRDU8,OOCL Panama,2016,6
2016-07-09 01:00:00+00:00,-33.7,152.2,20.6,Z,C6FS9,Stadacona,2016,7
2016-07-17 02:00:00+00:00,-33.7,152.2,21.3,Z,C6FS9,Stadacona,2016,7
2016-07-24 21:00:00+00:00,-33.8,151.3,17.9,Z,VNSZ,Spirit of Tasmania 2,2016,7
2016-07-27 12:00:00+00:00,-33.7,152.2,21.1,Z,C6FS9,Stadacona,2016,7
2016-08-12 01:00:00+00:00,-33.8,151.3,16.8,Z,VNSZ,Spirit of Tasmania 2,2016,8
2016-08-16 13:03:00+00:00,-33.6965,151.65,20.03,Z,VRDU8,OOCL Panama,2016,8
2016-08-16 14:03:00+00:00,-33.8748,151.4867,20.32,Z,VRDU8,OOCL Panama,2016,8
2016-09-20 06:03:00+00:00,-33.617,151.725,20.13,Z,VRDU8,OOCL Panama,2016,9
2016-09-22 20:00:00+00:00,-33.8,152.2,19.8,Z,C6FS9,Stadacona,2016,9
2016-09-26 23:00:00+00:00,-33.8,152.2,22.1,Z,C6FS9,Stadacona,2016,9
2016-09-27 06:59:00+00:00,-33.6687,151.645,20.44,Z,VRDE7,OOCL Houston,2016,9
2016-09-27 07:59:00+00:00,-33.8795,151.47,20.68,Z,VRDE7,OOCL Houston,2016,9
2016-10-08 11:00:00+00:00,-33.8,152.2,22.5,Z,C6FS9,Stadacona,2016,10
2016-10-14 21:00:00+00:00,-33.7,152.2,22.5,Z,C6FS9,Stadacona,2016,10
2017-01-04 13:03:00+00:00,-33.6632,151.6667,22.85,Z,VRDU8,OOCL Panama,2017,1
2017-01-04 14:03:00+00:00,-33.778,151.5767,23.05,Z,VRDU8,OOCL Panama,2017,1
2017-01-04 15:03:00+00:00,-33.8902,151.48,22.92,Z,VRDU8,OOCL Panama,2017,1
2017-01-10 07:59:00+00:00,-33.6112,151.7017,22.94,Z,VRDE7,OOCL Houston,2017,1
2017-01-10 08:59:00+00:00,-33.7515,151.5733,22.49,Z,VRDE7,OOCL Houston,2017,1
2017-02-14 07:59:00+00:00,-33.7172,151.6017,26.56,Z,VRDE7,OOCL Houston,2017,2
2017-03-14 07:03:00+00:00,-33.7377,151.6133,24.13,Z,VRDU8,OOCL Panama,2017,3
2017-03-21 09:59:00+00:00,-33.719,151.5917,24.21,Z,VRDE7,OOCL Houston,2017,3
2017-04-24 06:00:00+00:00,-33.8,151.4,23.2,Z,C6FS9,Stadacona,2017,4
2017-04-28 06:00:00+00:00,-33.8,151.3,20.4,Z,C6FS9,Stadacona,2017,4
2017-04-28 07:00:00+00:00,-33.8,151.4,22.3,Z,C6FS9,Stadacona,2017,4
2017-04-28 08:00:00+00:00,-33.7,151.7,21.7,Z,C6FS9,Stadacona,2017,4
2017-05-27 12:00:00+00:00,-33.8,152.2,22.2,Z,C6FS9,Stadacona,2017,5
2017-06-15 09:00:00+00:00,-33.7,152.2,22.2,Z,C6FS9,Stadacona,2017,6
2017-07-02 13:00:00+00:00,-33.7,152.2,20.7,Z,C6FS9,Stadacona,2017,7
2017-10-02 01:00:00+00:00,-33.7,152.2,21.0,Z,C6FS9,Stadacona,2017,10
2018-01-08 12:00:00+00:00,-33.7,152.2,24.0,Z,C6FS9,Stadacona,2018,1
2018-02-22 09:00:00+00:00,-33.8,152.2,25.5,Z,C6FS9,Stadacona,2018,2
2018-04-01 01:00:00+00:00,-33.8,151.9,23.5,Z,C6FS9,Stadacona,2018,4
2018-04-01 02:00:00+00:00,-33.7,152.1,24.1,Z,C6FS9,Stadacona,2018,4
2018-07-01 07:00:00+00:00,-33.8,152.2,20.4,Z,C6FS9,Stadacona,2018,7
2018-11-12 17:00:00+00:00,-33.8,152.2,20.5,Z,C6FS9,Stadacona,2018,11
2019-07-17 16:15:00+00:00,-33.6366,151.7215,18.7425,Z,VRDP4,OOCL Texas,2019,7
2019-07-17 16:30:00+00:00,-33.6773,151.6797,19.0058,Z,VRDP4,OOCL Texas,2019,7
2019-07-17 16:45:00+00:00,-33.7177,151.643,19.0803,Z,VRDP4,OOCL Texas,2019,7
2019-07-17 17:00:00+00:00,-33.7587,151.607,19.1273,Z,VRDP4,OOCL Texas,2019,7
2019-07-17 17:15:00+00:00,-33.8002,151.5708,19.0077,Z,VRDP4,OOCL Texas,2019,7
2019-07-17 17:30:00+00:00,-33.8415,151.5348,18.9622,Z,VRDP4,OOCL Texas,2019,7
2019-07-17 17:45:00+00:00,-33.8795,151.5,18.9132,Z,VRDP4,OOCL Texas,2019,7
2019-08-22 00:15:00+00:00,-33.643,151.7218,18.297,Z,VRDP4,OOCL Texas,2019,8
2019-08-22 00:30:00+00:00,-33.6854,151.6813,18.4375,Z,VRDP4,OOCL Texas,2019,8
2019-08-22 00:45:00+00:00,-33.7273,151.6399,18.3126,Z,VRDP4,OOCL Texas,2019,8
2019-08-22 01:00:00+00:00,-33.7694,151.598,18.0931,Z,VRDP4,OOCL Texas,2019,8
2019-08-22 01:15:00+00:00,-33.8109,151.5558,18.1137,Z,VRDP4,OOCL Texas,2019,8
2019-08-22 01:30:00+00:00,-33.8528,151.5145,18.1371,Z,VRDP4,OOCL Texas,2019,8
2019-08-22 01:45:00+00:00,-33.8938,151.4735,18.201,Z,VRDP4,OOCL Texas,2019,8
2019-09-25 23:15:00+00:00,-33.6111,151.7507,18.7217,Z,VRDP4,OOCL Texas,2019,9
2019-09-25 23:30:00+00:00,-33.6395,151.7238,18.5699,Z,VRDP4,OOCL Texas,2019,9
2019-09-25 23:45:00+00:00,-33.6674,151.6976,18.9415,Z,VRDP4,OOCL Texas,2019,9
2019-09-26 00:00:00+00:00,-33.695,151.6722,19.0612,Z,VRDP4,OOCL Texas,2019,9
2019-09-26 00:15:00+00:00,-33.7224,151.6478,18.9735,Z,VRDP4,OOCL Texas,2019,9
2019-10-30 21:30:00+00:00,-33.6203,151.7371,19.6591,Z,VRDP4,OOCL Texas,2019,10
2019-10-30 21:45:00+00:00,-33.6679,151.6924,19.6501,Z,VRDP4,OOCL Texas,2019,10
2019-10-30 22:00:00+00:00,-33.7118,151.6512,19.6389,Z,VRDP4,OOCL Texas,2019,10
2019-10-30 22:15:00+00:00,-33.7442,151.6208,19.7119,Z,VRDP4,OOCL Texas,2019,10
2019-10-30 22:30:00+00:00,-33.7802,151.5877,19.8103,Z,VRDP4,OOCL Texas,2019,10
2019-10-30 22:45:00+00:00,-33.8166,151.5546,19.882,Z,VRDP4,OOCL Texas,2019,10
2019-10-30 23:00:00+00:00,-33.8533,151.5215,19.8744,Z,VRDP4,OOCL Texas,2019,10
2019-10-30 23:15:00+00:00,-33.8898,151.4882,19.8115,Z,VRDP4,OOCL Texas,2019,10
2019-12-05 00:30:00+00:00,-33.6207,151.7413,20.2097,Z,VRDP4,OOCL Texas,2019,12
2019-12-05 00:45:00+00:00,-33.6584,151.7046,20.2,Z,VRDP4,OOCL Texas,2019,12
2019-12-05 01:00:00+00:00,-33.6971,151.667,20.2471,Z,VRDP4,OOCL Texas,2019,12
2019-12-05 01:45:00+00:00,-33.8177,151.5504,20.3342,Z,VRDP4,OOCL Texas,2019,12
2019-12-05 02:00:00+00:00,-33.8584,151.5121,20.4931,Z,VRDP4,OOCL Texas,2019,12
2020-01-09 06:15:00+00:00,-33.6409,151.6947,24.3007,Z,VRDP4,OOCL Texas,2020,1
2020-01-09 06:30:00+00:00,-33.6859,151.6498,24.7466,Z,VRDP4,OOCL Texas,2020,1
2020-01-09 06:45:00+00:00,-33.7011,151.6325,24.8449,Z,VRDP4,OOCL Texas,2020,1
2020-01-09 07:00:00+00:00,-33.7294,151.602,24.8872,Z,VRDP4,OOCL Texas,2020,1
2020-01-09 07:15:00+00:00,-33.7587,151.5729,24.8159,Z,VRDP4,OOCL Texas,2020,1
2020-01-09 07:30:00+00:00,-33.7898,151.5444,24.739,Z,VRDP4,OOCL Texas,2020,1
2020-01-09 07:45:00+00:00,-33.8206,151.5164,24.6037,Z,VRDP4,OOCL Texas,2020,1
2020-01-09 08:00:00+00:00,-33.8506,151.4894,24.4643,Z,VRDP4,OOCL Texas,2020,1
2020-01-09 08:15:00+00:00,-33.8806,151.4624,23.9239,Z,VRDP4,OOCL Texas,2020,1
2020-02-13 00:15:00+00:00,-33.6157,151.7469,23.1495,Z,VRDP4,OOCL Texas,2020,2
2020-01-24 20:45:00+00:00,-33.8594,151.4705,25.296,Z,VRDE7,OOCL Houston,2020,1
2020-01-24 21:00:00+00:00,-33.8023,151.5202,25.0996,Z,VRDE7,OOCL Houston,2020,1
2020-01-24 21:15:00+00:00,-33.7453,151.5702,25.1266,Z,VRDE7,OOCL Houston,2020,1
2020-01-24 21:30:00+00:00,-33.6885,151.6192,25.3053,Z,VRDE7,OOCL Houston,2020,1
2020-01-24 21:45:00+00:00,-33.6313,151.6675,25.0531,Z,VRDE7,OOCL Houston,2020,1
2020-02-28 10:00:00+00:00,-33.891,151.4498,22.4642,Z,VRDE7,OOCL Houston,2020,2
2020-02-28 10:15:00+00:00,-33.8366,151.4923,22.9152,Z,VRDE7,OOCL Houston,2020,2
2020-02-28 10:30:00+00:00,-33.7854,151.5331,23.394,Z,VRDE7,OOCL Houston,2020,2
2020-02-28 10:45:00+00:00,-33.737,151.5769,23.5496,Z,VRDE7,OOCL Houston,2020,2
2020-02-28 11:00:00+00:00,-33.6884,151.622,23.4694,Z,VRDE7,OOCL Houston,2020,2
2020-02-28 11:15:00+00:00,-33.6384,151.6654,23.3528,Z,VRDE7,OOCL Houston,2020,2
2020-04-03 17:00:00+00:00,-33.8704,151.4706,21.8897,Z,VRDE7,OOCL Houston,2020,4
2020-04-03 17:15:00+00:00,-33.8049,151.5228,21.688,Z,VRDE7,OOCL Houston,2020,4
2020-04-03 17:30:00+00:00,-33.7398,151.5774,21.8203,Z,VRDE7,OOCL Houston,2020,4
2020-04-03 17:45:00+00:00,-33.6741,151.6328,21.8001,Z,VRDE7,OOCL Houston,2020,4
2020-04-03 18:00:00+00:00,-33.608,151.6884,21.7688,Z,VRDE7,OOCL Houston,2020,4
2020-05-08 00:00:00+00:00,-33.8813,151.4624,21.0378,Z,VRDE7,OOCL Houston,2020,5
2020-05-08 00:15:00+00:00,-33.833,151.502,20.899,Z,VRDE7,OOCL Houston,2020,5
2020-05-08 00:30:00+00:00,-33.7841,151.5424,21.0532,Z,VRDE7,OOCL Houston,2020,5
2020-05-08 00:45:00+00:00,-33.7346,151.5835,21.1478,Z,VRDE7,OOCL Houston,2020,5
2020-05-08 01:00:00+00:00,-33.6845,151.6241,21.3167,Z,VRDE7,OOCL Houston,2020,5
2020-05-08 01:15:00+00:00,-33.6348,151.6648,21.1716,Z,VRDE7,OOCL Houston,2020,5
2020-06-14 12:15:00+00:00,-33.8971,151.4439,19.038,Z,VRDE7,OOCL Houston,2020,6
2020-06-14 12:30:00+00:00,-33.8344,151.4951,19.2668,Z,VRDE7,OOCL Houston,2020,6
2020-06-14 12:45:00+00:00,-33.772,151.5457,19.9702,Z,VRDE7,OOCL Houston,2020,6
2020-06-14 13:00:00+00:00,-33.71,151.5992,20.0723,Z,VRDE7,OOCL Houston,2020,6
2020-06-14 13:15:00+00:00,-33.6481,151.653,19.9036,Z,VRDE7,OOCL Houston,2020,6
2021-08-26 02:00:00+00:00,-33.8,151.4,17.8,Z,VNSZ,Spirit of Tasmania 2,2021,8
2021-08-26 03:00:00+00:00,-33.8,151.3,17.5,Z,VNSZ,Spirit of Tasmania 2,2021,8
2022-04-09 04:15:00+00:00,-33.6032,151.6408,22.5383,Z,VRDE7,OOCL Houston,2022,4
2022-04-09 04:30:00+00:00,-33.6467,151.6213,22.3715,Z,VRDE7,OOCL Houston,2022,4
2022-04-09 05:45:00+00:00,-33.8545,151.4963,22.3311,Z,VRDE7,OOCL Houston,2022,4
2022-04-09 06:00:00+00:00,-33.8928,151.4644,22.3307,Z,VRDE7,OOCL Houston,2022,4
2022-04-13 11:45:00+00:00,-33.8091,151.5142,23.4543,Z,VRDE7,OOCL Houston,2022,4
2022-04-13 12:00:00+00:00,-33.7424,151.5685,23.8228,Z,VRDE7,OOCL Houston,2022,4
2022-04-13 12:15:00+00:00,-33.6773,151.6253,23.7941,Z,VRDE7,OOCL Houston,2022,4
2022-04-13 12:30:00+00:00,-33.6119,151.6831,23.6892,Z,VRDE7,OOCL Houston,2022,4
2022-05-17 18:45:00+00:00,-33.6751,151.69,22.5659,Z,VRDE7,OOCL Houston,2022,5
2022-05-17 19:00:00+00:00,-33.6175,151.7504,21.6302,Z,VRDE7,OOCL Houston,2022,5
2022-06-28 15:45:00+00:00,-33.7744,151.5887,19.7544,Z,VRDE7,OOCL Houston,2022,6
2022-06-28 16:00:00+00:00,-33.7301,151.6344,19.8991,Z,VRDE7,OOCL Houston,2022,6
2022-06-28 16:15:00+00:00,-33.6855,151.6799,20.252,Z,VRDE7,OOCL Houston,2022,6
2022-06-28 16:30:00+00:00,-33.6408,151.7251,20.5996,Z,VRDE7,OOCL Houston,2022,6
2022-09-10 10:15:00+00:00,-33.8898,151.4844,18.1328,Z,VRDE7,OOCL Houston,2022,9
2022-09-10 10:30:00+00:00,-33.8494,151.5275,18.4801,Z,VRDE7,OOCL Houston,2022,9
2022-09-10 10:45:00+00:00,-33.811,151.5719,18.7263,Z,VRDE7,OOCL Houston,2022,9
2022-09-10 11:00:00+00:00,-33.7625,151.5954,18.4356,Z,VRDE7,OOCL Houston,2022,9
2022-09-10 11:15:00+00:00,-33.7219,151.638,18.7284,Z,VRDE7,OOCL Houston,2022,9
2022-09-10 11:30:00+00:00,-33.682,151.68,18.8575,Z,VRDE7,OOCL Houston,2022,9
2022-09-10 11:45:00+00:00,-33.6408,151.7208,18.9032,Z,VRDE7,OOCL Houston,2022,9
2022-10-14 01:45:00+00:00,-33.79,151.5695,19.5106,Z,VRDE7,OOCL Houston,2022,10
2022-10-14 02:00:00+00:00,-33.7429,151.6155,19.3457,Z,VRDE7,OOCL Houston,2022,10
2022-10-14 02:15:00+00:00,-33.6912,151.6693,19.2026,Z,VRDE7,OOCL Houston,2022,10
2022-10-14 02:30:00+00:00,-33.6362,151.7264,19.1284,Z,VRDE7,OOCL Houston,2022,10
2022-11-18 07:45:00+00:00,-33.667,151.6958,19.5724,Z,VRDE7,OOCL Houston,2022,11
2022-11-18 08:00:00+00:00,-33.6299,151.7321,19.5981,Z,VRDE7,OOCL Houston,2022,11
2022-12-30 08:45:00+00:00,-33.8026,151.5439,21.8956,Z,VRDE7,OOCL Houston,2022,12
2022-12-30 09:00:00+00:00,-33.7536,151.5844,21.869,Z,VRDE7,OOCL Houston,2022,12
2022-12-30 09:15:00+00:00,-33.7054,151.6257,21.6629,Z,VRDE7,OOCL Houston,2022,12
2022-12-30 09:30:00+00:00,-33.6577,151.6657,21.7978,Z,VRDE7,OOCL Houston,2022,12
2023-02-02 21:00:00+00:00,-33.8338,151.5158,23.8289,Z,VRDE7,OOCL Houston,2023,2
2023-02-02 21:15:00+00:00,-33.7814,151.561,23.6424,Z,VRDE7,OOCL Houston,2023,2
2023-02-02 21:30:00+00:00,-33.7283,151.6057,23.4324,Z,VRDE7,OOCL Houston,2023,2
2023-02-02 21:45:00+00:00,-33.6749,151.6501,23.2569,Z,VRDE7,OOCL Houston,2023,2
2023-02-02 22:00:00+00:00,-33.622,151.6939,23.1287,Z,VRDE7,OOCL Houston,2023,2
2023-05-26 09:45:00+00:00,-33.845,151.5089,19.9724,Z,VRDE7,OOCL Houston,2023,5
2023-07-09 15:30:00+00:00,-33.8794,151.481,18.4449,Z,VRDE7,OOCL Houston,2023,7
2023-07-09 15:45:00+00:00,-33.8119,151.5366,18.4749,Z,VRDE7,OOCL Houston,2023,7
2023-08-12 16:30:00+00:00,-33.8655,151.4719,18.7059,Z,VRDE7,OOCL Houston,2023,8
2023-08-12 16:45:00+00:00,-33.8125,151.5167,18.875,Z,VRDE7,OOCL Houston,2023,8
2023-08-12 17:00:00+00:00,-33.7597,151.5613,18.7632,Z,VRDE7,OOCL Houston,2023,8
2023-08-12 17:15:00+00:00,-33.7078,151.606,18.793,Z,VRDE7,OOCL Houston,2023,8
2023-09-22 02:45:00+00:00,-33.8644,151.471,18.6747,Z,VRDE7,OOCL Houston,2023,9
2023-09-22 03:00:00+00:00,-33.8096,151.5142,18.7604,Z,VRDE7,OOCL Houston,2023,9
2023-09-22 03:15:00+00:00,-33.7605,151.5531,18.6285,Z,VRDE7,OOCL Houston,2023,9
2023-10-24 08:30:00+00:00,-33.7004,151.66,21.1239,Z,VRDE7,OOCL Houston,2023,10
2023-10-24 08:45:00+00:00,-33.7349,151.6251,20.8503,Z,VRDE7,OOCL Houston,2023,10
2023-10-24 09:00:00+00:00,-33.7688,151.5903,20.424,Z,VRDE7,OOCL Houston,2023,10
2023-10-24 09:15:00+00:00,-33.8025,151.5563,19.9421,Z,VRDE7,OOCL Houston,2023,10
2024-01-08 16:30:00+00:00,-33.7298,151.6861,23.5434,Z,VRDE7,OOCL Houston,2024,1
2024-01-08 16:45:00+00:00,-33.6964,151.7071,23.7002,Z,VRDE7,OOCL Houston,2024,1
2024-01-08 17:00:00+00:00,-33.6622,151.7278,23.8198,Z,VRDE7,OOCL Houston,2024,1
2024-01-08 17:15:00+00:00,-33.6301,151.754,23.9179,Z,VRDE7,OOCL Houston,2024,1
2024-01-10 21:15:00+00:00,-33.635,151.6188,24.2058,Z,VRDE7,OOCL Houston,2024,1
2024-01-10 21:30:00+00:00,-33.6865,151.6148,24.2699,Z,VRDE7,OOCL Houston,2024,1
2024-01-10 21:45:00+00:00,-33.7365,151.6077,24.3047,Z,VRDE7,OOCL Houston,2024,1
2024-01-10 22:00:00+00:00,-33.7823,151.5848,24.3113,Z,VRDE7,OOCL Houston,2024,1
2024-01-10 22:15:00+00:00,-33.8197,151.5463,24.2659,Z,VRDE7,OOCL Houston,2024,1
2024-01-12 09:00:00+00:00,-33.8892,151.4749,24.869,Z,VRDE7,OOCL Houston,2024,1
2024-01-12 09:15:00+00:00,-33.8544,151.5043,24.8723,Z,VRDE7,OOCL Houston,2024,1
2024-01-12 09:30:00+00:00,-33.8193,151.534,24.7737,Z,VRDE7,OOCL Houston,2024,1
2024-01-12 09:45:00+00:00,-33.7839,151.5635,24.6944,Z,VRDE7,OOCL Houston,2024,1
2024-01-12 10:00:00+00:00,-33.7484,151.5933,24.6921,Z,VRDE7,OOCL Houston,2024,1
2024-01-12 10:15:00+00:00,-33.7132,151.6235,24.7691,Z,VRDE7,OOCL Houston,2024,1
2024-02-18 05:30:00+00:00,-33.6778,151.6514,23.9062,Z,VRDE7,OOCL Houston,2024,2
2024-02-18 05:45:00+00:00,-33.6177,151.702,23.8767,Z,VRDE7,OOCL Houston,2024,2
2024-03-24 14:30:00+00:00,-33.7183,151.6228,22.4968,Z,VRDE7,OOCL Houston,2024,3
2024-03-24 14:45:00+00:00,-33.6753,151.6566,21.9031,Z,VRDE7,OOCL Houston,2024,3
2024-03-24 15:00:00+00:00,-33.6323,151.691,21.5631,Z,VRDE7,OOCL Houston,2024,3
2024-04-30 14:45:00+00:00,-33.8978,151.4742,22.964,Z,VRDE7,OOCL Houston,2024,4
2024-04-30 15:00:00+00:00,-33.869,151.497,22.9124,Z,VRDE7,OOCL Houston,2024,4
2024-04-30 15:15:00+00:00,-33.8397,151.5199,22.8125,Z,VRDE7,OOCL Houston,2024,4
2024-04-30 16:30:00+00:00,-33.6949,151.6357,22.2288,Z,VRDE7,OOCL Houston,2024,4
2024-04-30 16:45:00+00:00,-33.6638,151.6598,22.1647,Z,VRDE7,OOCL Houston,2024,4
2024-04-30 17:00:00+00:00,-33.6327,151.6837,22.0739,Z,VRDE7,OOCL Houston,2024,4
2024-04-30 17:15:00+00:00,-33.6008,151.7079,21.9951,Z,VRDE7,OOCL Houston,2024,4
2024-08-14 03:00:00+00:00,-33.84,151.35,17.8,Z,VNSZ,Spirit of Tasmania 2,2024,8
